sensor_name,frame_id,timestamp_sec,timestamp_nanosec,available,verified,object_label,position_x,position_y,position_z,orientation_x,orientation_y,orientation_z,orientation_w,linear_x,linear_y,linear_z
Object_Sensor,0,326,83386782,True,False,1,-19.479907989501953,-5.622179985046387,0.003937139641493559,-0.0008311038254760206,-0.006293951999396086,0.9996986985206604,0.023725081235170364,0.033583998680114746,0.0,0.0
Object_Sensor,0,326,83386782,True,False,1,-19.930980682373047,-12.292441368103027,-0.14569221436977386,-0.0016113943420350552,-0.019528232514858246,0.9995824694633484,0.021249942481517792,0.026155637577176094,0.0,0.0
Object_Sensor,0,326,83386782,True,False,1,46.770751953125,-9.329227447509766,-0.38258811831474304,0.0035742216277867556,-0.010375412181019783,0.9996914267539978,0.02229716256260872,1.2676598998950794e-05,0.0,0.0
Object_Sensor,0,326,83386782,True,False,1,37.17829513549805,-8.9224271774292,-0.31195467710494995,0.004619731567800045,-0.009738718159496784,0.9997220635414124,0.02098170481622219,1.4863238902762532e-05,0.0,0.0
Object_Sensor,0,326,83386782,True,False,1,-33.86054229736328,1.3985059261322021,-0.021812686696648598,0.005517029203474522,-0.0002511415514163673,0.020455051213502884,-0.999775767326355,3.2516072678845376e-06,0.0,0.0
Object_Sensor,0,326,83386782,True,False,2,-20.231531143188477,0.8392799496650696,-0.006853217259049416,0.004721439443528652,0.0008134685340337455,0.020417559891939163,-0.9997803568840027,6.114623829489574e-07,0.0,0.0
Object_Sensor,0,326,83386782,True,False,1,-9.489748001098633,0.48364347219467163,0.007381935138255358,0.0034253906924277544,0.0004112885508220643,0.005664244294166565,-0.9999783039093018,8.67564813233912e-06,0.0,0.0
Object_Sensor,0,326,83386782,True,False,7,0.6862576007843018,33.43669891357422,0.2909092307090759,-6.823497824370861e-05,0.005379537120461464,-0.6936846971511841,-0.7202589511871338,1.0003180503845215,0.0,0.0
Object_Sensor,0,326,83386782,True,False,7,0.6862576007843018,33.43669891357422,0.2909092307090759,-6.823497824370861e-05,0.005379537120461464,-0.6936846971511841,-0.7202589511871338,1.0003180503845215,0.0,0.0
Object_Sensor,1,326,183386798,True,False,1,-20.867448806762695,-5.560821533203125,0.0021856464445590973,-0.000818856933619827,-0.006362267769873142,0.9997586011886597,0.02102942392230034,0.03576355800032616,0.0,0.0
Object_Sensor,1,326,183386798,True,False,1,-21.31863784790039,-12.234118461608887,-0.14827395975589752,-0.0014295357977971435,-0.019615888595581055,0.9995906949043274,0.02079201303422451,0.0337965302169323,0.0,0.0
Object_Sensor,1,326,183386798,True,False,1,46.770751953125,-9.329227447509766,-0.38258931040763855,0.003574228845536709,-0.010375411249697208,0.9996914267539978,0.02229716256260872,2.703658537939191e-05,0.0,0.0
Object_Sensor,1,326,183386798,True,False,1,37.17829513549805,-8.9224271774292,-0.3119545578956604,0.004619734361767769,-0.009738732129335403,0.9997220635414124,0.02098170481622219,1.836368755903095e-05,0.0,0.0
Object_Sensor,1,326,183386798,True,False,1,-33.86054229736328,1.3985059261322021,-0.021812567487359047,0.0055169761180877686,-0.0002511107304599136,0.020455051213502884,-0.999775767326355,8.750768756726757e-06,0.0,0.0
Object_Sensor,1,326,183386798,True,False,2,-20.231531143188477,0.8392799496650696,-0.006853217259049416,0.004721439443528652,0.0008134685340337455,0.020417559891939163,-0.9997803568840027,6.114605639595538e-07,0.0,0.0
Object_Sensor,1,326,183386798,True,False,1,-9.489748001098633,0.483643501996994,0.007381458301097155,0.0034254055935889482,0.00041128709563054144,0.005664244294166565,-0.9999783039093018,1.1105577868875116e-05,0.0,0.0
Object_Sensor,1,326,183386798,True,False,7,0.6900012493133545,33.5366325378418,0.292002409696579,-6.823497824370861e-05,0.005379537120461464,-0.6936846971511841,-0.7202589511871338,1.000403881072998,0.0,0.0
Object_Sensor,1,326,183386798,True,False,7,0.6900012493133545,33.5366325378418,0.292002409696579,-6.823497824370861e-05,0.005379537120461464,-0.6936846971511841,-0.7202589511871338,1.000403881072998,0.0,0.0
Object_Sensor,2,326,283386815,True,False,1,-22.255250930786133,-5.505775451660156,0.0004424065409693867,-0.0007379478774964809,-0.006421006750315428,0.9997978806495667,0.01904907077550888,0.037512753158807755,0.0,0.0
Object_Sensor,2,326,283386815,True,False,1,-22.706377029418945,-12.17689037322998,-0.15055690705776215,-0.0010805341880768538,-0.019688842818140984,0.9995964765548706,0.02046099305152893,0.04017604514956474,0.0,0.0
Object_Sensor,2,326,283386815,True,False,1,46.770751953125,-9.329227447509766,-0.3825884759426117,0.0035742304753512144,-0.010375400073826313,0.9996914267539978,0.02229716256260872,3.492964242468588e-05,0.0,0.0
Object_Sensor,2,326,283386815,True,False,1,37.17829513549805,-8.9224271774292,-0.3119545578956604,0.0046197352930903435,-0.00973872747272253,0.9997220635414124,0.02098170481622219,2.161065276595764e-05,0.0,0.0
Object_Sensor,2,326,283386815,True,False,1,-33.86054229736328,1.3985059261322021,-0.021811971440911293,0.005516934208571911,-0.00025110217393375933,0.020455051213502884,-0.999775767326355,1.321897070738487e-05,0.0,0.0
Object_Sensor,2,326,283386815,True,False,2,-20.231531143188477,0.8392799496650696,-0.006853217259049416,0.004721439443528652,0.0008134685340337455,0.020417559891939163,-0.9997803568840027,6.114569259807467e-07,0.0,0.0
Object_Sensor,2,326,283386815,True,False,1,-9.489748001098633,0.483643501996994,0.007381339091807604,0.0034254055935889482,0.00041128709563054144,0.005664244294166565,-0.9999783039093018,1.0716525139287114e-05,0.0,0.0
Object_Sensor,2,326,283386815,True,False,7,0.6937466859817505,33.63656997680664,0.2930954098701477,-6.823497824370861e-05,0.005379537120461464,-0.6936846971511841,-0.7202589511871338,1.0001356601715088,0.0,0.0
Object_Sensor,2,326,283386815,True,False,7,0.6937466859817505,33.63656997680664,0.2930954098701477,-6.823497824370861e-05,0.005379537120461464,-0.6936846971511841,-0.7202589511871338,1.0001356601715088,0.0,0.0
Object_Sensor,3,326,383386831,True,False,1,-23.643205642700195,-5.455189228057861,-0.001217347919009626,-0.0006217857007868588,-0.00645795650780201,0.9998230338096619,0.01767073944211006,0.03981230407953262,0.0,0.0
Object_Sensor,3,326,383386831,True,False,1,-24.09410285949707,-12.12042236328125,-0.15221041440963745,-0.0006947484216652811,-0.01971227489411831,0.999600887298584,0.020236413925886154,0.04819395765662193,0.0,0.0
Object_Sensor,3,326,383386831,True,False,1,46.770751953125,-9.329227447509766,-0.3825870454311371,0.0035742276813834906,-0.010375392623245716,0.9996914267539978,0.02229716256260872,2.7794474590336904e-05,0.0,0.0
Object_Sensor,3,326,383386831,True,False,1,37.17829513549805,-8.9224271774292,-0.3119545578956604,0.004619735758751631,-0.009738725610077381,0.9997220635414124,0.02098170481622219,2.4827950255712494e-05,0.0,0.0
Object_Sensor,3,326,383386831,True,False,1,-33.86054229736328,1.3985059261322021,-0.021812329068779945,0.005517020355910063,-0.00025112557341344655,0.020455051213502884,-0.999775767326355,8.632050594314933e-07,0.0,0.0
Object_Sensor,3,326,383386831,True,False,2,-20.231531143188477,0.8392799496650696,-0.006853217259049416,0.004721439443528652,0.0008134685340337455,0.020417559891939163,-0.9997803568840027,6.114569259807467e-07,0.0,0.0
Object_Sensor,3,326,383386831,True,False,1,-9.489748001098633,0.483643501996994,0.007381100673228502,0.003425407921895385,0.00041127135045826435,0.005664244294166565,-0.9999783039093018,1.6144185792654753e-06,0.0,0.0
Object_Sensor,3,326,383386831,True,False,7,0.6974949240684509,33.73649978637695,0.29419031739234924,-6.823497824370861e-05,0.005379537120461464,-0.6936846971511841,-0.7202589511871338,0.9997826814651489,0.0,0.0
Object_Sensor,3,326,383386831,True,False,7,0.6974949240684509,33.73649978637695,0.29419031739234924,-6.823497824370861e-05,0.005379537120461464,-0.6936846971511841,-0.7202589511871338,0.9997826814651489,0.0,0.0
Object_Sensor,4,326,483386848,True,False,1,-25.031295776367188,-5.407642841339111,-0.0026352470740675926,-0.000515722029376775,-0.006472581997513771,0.9998383522033691,0.01677894964814186,0.042375288903713226,0.0,0.0
Object_Sensor,4,326,483386848,True,False,1,-25.481884002685547,-12.064449310302734,-0.15299567580223083,-0.00037244419218041003,-0.019648998975753784,0.9996051788330078,0.020095229148864746,0.05443467199802399,0.0,0.0
Object_Sensor,4,326,483386848,True,False,1,46.770751953125,-9.329227447509766,-0.382586807012558,0.0035742195323109627,-0.010375398211181164,0.9996914267539978,0.02229716256260872,1.5640347555745393e-05,0.0,0.0
Object_Sensor,4,326,483386848,True,False,1,37.17829513549805,-8.9224271774292,-0.31195420026779175,0.004619736224412918,-0.009738716296851635,0.9997220635414124,0.02098170481622219,2.5081568310270086e-05,0.0,0.0
Object_Sensor,4,326,483386848,True,False,1,-33.86054229736328,1.3985059261322021,-0.021812686696648598,0.005517040845006704,-0.0002510880585759878,0.020455051213502884,-0.999775767326355,5.115787644172087e-06,0.0,0.0
Object_Sensor,4,326,483386848,True,False,2,-20.231531143188477,0.8392799496650696,-0.006853217259049416,0.004721439443528652,0.0008134685340337455,0.020417559891939163,-0.9997803568840027,6.11467839917168e-07,0.0,0.0
Object_Sensor,4,326,483386848,True,False,1,-9.489748001098633,0.483643501996994,0.007381458301097155,0.003425413044169545,0.00041127100121229887,0.005664244294166565,-0.9999783039093018,1.4100296539254487e-06,0.0,0.0
Object_Sensor,4,326,483386848,True,False,7,0.7012374401092529,33.83644485473633,0.29528355598449707,-6.823497824370861e-05,0.005379537120461464,-0.6936846971511841,-0.7202589511871338,0.9998255372047424,0.0,0.0
Object_Sensor,4,326,483386848,True,False,7,0.7012374401092529,33.83644485473633,0.29528355598449707,-6.823497824370861e-05,0.005379537120461464,-0.6936846971511841,-0.7202589511871338,0.9998255372047424,0.0,0.0
Object_Sensor,5,326,583386864,True,False,1,-26.41943359375,-5.361934661865234,-0.0038309383671730757,-0.0004114051698707044,-0.006467893254011869,0.9998469352722168,0.016264574602246284,0.04423413425683975,0.0,0.0
Object_Sensor,5,326,583386864,True,False,1,-26.869657516479492,-12.008781433105469,-0.15312924981117249,-0.00012742527178488672,-0.0195227712392807,0.9996092915534973,0.02001616358757019,0.05798641964793205,0.0,0.0
Object_Sensor,5,326,583386864,True,False,1,46.770751953125,-9.329227447509766,-0.3825877606868744,0.003574221394956112,-0.01037540938705206,0.9996914267539978,0.02229716256260872,1.0606017895042896e-05,0.0,0.0
Object_Sensor,5,326,583386864,True,False,1,37.17829513549805,-8.9224271774292,-0.3119540810585022,0.004619728308171034,-0.009738692082464695,0.9997220635414124,0.02098170481622219,2.1732455934397876e-05,0.0,0.0
Object_Sensor,5,326,583386864,True,False,1,-33.86054229736328,1.3985059261322021,-0.021812686696648598,0.005516935605555773,-0.00025112295406870544,0.020455051213502884,-0.999775767326355,2.8635076887439936e-06,0.0,0.0
Object_Sensor,5,326,583386864,True,False,2,-20.231531143188477,0.8392799496650696,-0.006853217259049416,0.004721439443528652,0.0008134685340337455,0.020417559891939163,-0.9997803568840027,6.114623829489574e-07,0.0,0.0
Object_Sensor,5,326,583386864,True,False,1,-9.489748001098633,0.48364347219467163,0.007381577510386705,0.0034254039637744427,0.0004112720489501953,0.005664244294166565,-0.9999783039093018,1.0687290341593325e-06,0.0,0.0
Object_Sensor,5,326,583386864,True,False,7,0.7049828767776489,33.93638229370117,0.2963765859603882,-6.823497824370861e-05,0.005379537120461464,-0.6936846971511841,-0.7202589511871338,0.9999113082885742,0.0,0.0
Object_Sensor,5,326,583386864,True,False,7,0.7049828767776489,33.93638229370117,0.2963765859603882,-6.823497824370861e-05,0.005379537120461464,-0.6936846971511841,-0.7202589511871338,0.9999113082885742,0.0,0.0
Object_Sensor,6,326,683386880,True,False,1,-27.80760955810547,-5.317205905914307,-0.004819021560251713,-0.00031821263837628067,-0.006445266306400299,0.999850869178772,0.0160344410687685,0.04627737030386925,0.0,0.0
Object_Sensor,6,326,683386880,True,False,1,-28.257455825805664,-11.953283309936523,-0.15275627374649048,2.4237406250904314e-05,-0.01932745799422264,0.999613881111145,0.019977839663624763,0.06124449893832207,0.0,0.0
Object_Sensor,6,326,683386880,True,False,1,46.770751953125,-9.329227447509766,-0.382589191198349,0.003574228845536709,-0.010375414974987507,0.9996914267539978,0.02229716256260872,2.395182309555821e-05,0.0,0.0
Object_Sensor,6,326,683386880,True,False,1,37.17829513549805,-8.9224271774292,-0.3119538426399231,0.004619725979864597,-0.009738690219819546,0.9997220635414124,0.02098170481622219,1.7919912352226675e-05,0.0,0.0
Object_Sensor,6,326,683386880,True,False,1,-33.86054229736328,1.3985059261322021,-0.021812686696648598,0.0055170198902487755,-0.0002511320635676384,0.020455051213502884,-0.999775767326355,2.8923350328113884e-06,0.0,0.0
Object_Sensor,6,326,683386880,True,False,2,-20.231531143188477,0.8392799496650696,-0.006853217259049416,0.004721439443528652,0.0008134685340337455,0.020417559891939163,-0.9997803568840027,6.114569259807467e-07,0.0,0.0
Object_Sensor,6,326,683386880,True,False,1,-9.489748001098633,0.48364347219467163,0.007381577510386705,0.0034254039637744427,0.0004112720489501953,0.005664244294166565,-0.9999783039093018,1.5158475434873253e-06,0.0,0.0
Object_Sensor,6,326,683386880,True,False,7,0.7087253928184509,34.03632354736328,0.2974695861339569,-6.823497824370861e-05,0.005379537120461464,-0.6936846971511841,-0.7202589511871338,1.0004899501800537,0.0,0.0
Object_Sensor,6,326,683386880,True,False,7,0.7087253928184509,34.03632354736328,0.2974695861339569,-6.823497824370861e-05,0.005379537120461464,-0.6936846971511841,-0.7202589511871338,1.0004899501800537,0.0,0.0
Object_Sensor,7,326,783386897,True,False,1,-29.19580078125,-5.272741794586182,-0.0055344621650874615,-0.0002465475699864328,-0.006414367817342281,0.9998515248298645,0.01600838638842106,0.048868827521800995,0.0,0.0
Object_Sensor,7,326,783386897,True,False,1,-29.645244598388672,-11.897806167602539,-0.15194731950759888,0.00012386242451611906,-0.01906740665435791,0.9996189475059509,0.01997312530875206,0.06339634209871292,0.0,0.0
Object_Sensor,7,326,783386897,True,False,1,46.770751953125,-9.329227447509766,-0.3825887143611908,0.003574234200641513,-0.010375401005148888,0.9996914267539978,0.02229716256260872,3.5377048334339634e-05,0.0,0.0
Object_Sensor,7,326,783386897,True,False,1,37.17829513549805,-8.9224271774292,-0.3119538426399231,0.004619723651558161,-0.00973869115114212,0.9997220635414124,0.02098170481622219,1.3630000466946512e-05,0.0,0.0
Object_Sensor,7,326,783386897,True,False,1,-33.86054229736328,1.3985059261322021,-0.02181304432451725,0.0055169761180877686,-0.0002510451013222337,0.020455051213502884,-0.999775767326355,3.6790188460145146e-06,0.0,0.0
Object_Sensor,7,326,783386897,True,False,2,-20.231531143188477,0.8392799496650696,-0.006853217259049416,0.004721439443528652,0.0008134685340337455,0.020417559891939163,-0.9997803568840027,6.114642019383609e-07,0.0,0.0
Object_Sensor,7,326,783386897,True,False,1,-9.489748001098633,0.48364347219467163,0.007381935138255358,0.0034253981430083513,0.0004112879396416247,0.005664244294166565,-0.9999783039093018,3.565754013834521e-06,0.0,0.0
Object_Sensor,7,326,783386897,True,False,7,0.7124736309051514,34.13625717163086,0.29856282472610474,-6.823497824370861e-05,0.005379537120461464,-0.6936846971511841,-0.7202589511871338,1.0001356601715088,0.0,0.0
Object_Sensor,7,326,783386897,True,False,7,0.7124736309051514,34.13625717163086,0.29856282472610474,-6.823497824370861e-05,0.005379537120461464,-0.6936846971511841,-0.7202589511871338,1.0001356601715088,0.0,0.0
Object_Sensor,8,326,883386913,True,False,1,-30.58397102355957,-5.228112697601318,-0.005999508313834667,-0.00016438838792964816,-0.0063775978051126,0.9998499751091003,0.016121767461299896,0.05140442028641701,0.0,0.0
Object_Sensor,8,326,883386913,True,False,1,-31.033035278320312,-11.842331886291504,-0.1508546620607376,0.00018625627853907645,-0.01880207285284996,0.9996235370635986,0.019992059096693993,0.065875343978405,0.0,0.0
Object_Sensor,8,326,883386913,True,False,1,46.770751953125,-9.329227447509766,-0.3825872838497162,0.0035742272157222033,-0.01037539541721344,0.9996914267539978,0.02229716256260872,2.9984126740600914e-05,0.0,0.0
Object_Sensor,8,326,883386913,True,False,1,37.17829513549805,-8.9224271774292,-0.31195396184921265,0.004619723651558161,-0.009738693945109844,0.9997220635414124,0.02098170481622219,9.339608368463814e-06,0.0,0.0
Object_Sensor,8,326,883386913,True,False,1,-33.86054229736328,1.3985059261322021,-0.021812329068779945,0.005516965873539448,-0.00025112967705354095,0.020455051213502884,-0.999775767326355,1.1069652828155085e-05,0.0,0.0
Object_Sensor,8,326,883386913,True,False,2,-20.231531143188477,0.8392799496650696,-0.006853217259049416,0.004721439443528652,0.0008134685340337455,0.020417559891939163,-0.9997803568840027,6.114605639595538e-07,0.0,0.0
Object_Sensor,8,326,883386913,True,False,1,-9.489748001098633,0.48364347219467163,0.007381815928965807,0.003425394417718053,0.0004112883470952511,0.005664244294166565,-0.9999783039093018,1.284854079131037e-05,0.0,0.0
Object_Sensor,8,326,883386913,True,False,7,0.7162162065505981,34.23619842529297,0.29965585470199585,-6.823497824370861e-05,0.005379537120461464,-0.6936846971511841,-0.7202589511871338,1.0001786947250366,0.0,0.0
Object_Sensor,8,326,883386913,True,False,7,0.7162162065505981,34.23619842529297,0.29965585470199585,-6.823497824370861e-05,0.005379537120461464,-0.6936846971511841,-0.7202589511871338,1.0001786947250366,0.0,0.0
Object_Sensor,9,326,983386930,True,False,1,-31.97214126586914,-5.1830153465271,-0.006229907739907503,-7.238949910970405e-05,-0.0063401577062904835,0.9998469352722168,0.016323568299412727,0.054104894399642944,0.0,0.0
Object_Sensor,9,326,983386930,True,False,1,-32.42082595825195,-11.786781311035156,-0.14943887293338776,0.00021639773331116885,-0.018514888361096382,0.9996281862258911,0.020027194172143936,0.0687243714928627,0.0,0.0
Object_Sensor,9,326,983386930,True,False,1,46.770751953125,-9.329227447509766,-0.382586807012558,0.0035742197651416063,-0.010375396348536015,0.9996914267539978,0.02229716256260872,1.754711411194876e-05,0.0,0.0
Object_Sensor,9,326,983386930,True,False,1,37.17829513549805,-8.9224271774292,-0.31195396184921265,0.00461972551420331,-0.009738696739077568,0.9997220635414124,0.02098170481622219,5.347628757590428e-06,0.0,0.0
Object_Sensor,9,326,983386930,True,False,1,-33.86054229736328,1.3985059261322021,-0.021811971440911293,0.005517036188393831,-0.0002511376515030861,0.020455051213502884,-0.999775767326355,6.435511750169098e-06,0.0,0.0
Object_Sensor,9,326,983386930,True,False,2,-20.231531143188477,0.8392799496650696,-0.006853217259049416,0.004721439443528652,0.0008134685340337455,0.020417559891939163,-0.9997803568840027,6.11467839917168e-07,0.0,0.0
Object_Sensor,9,326,983386930,True,False,1,-9.489748001098633,0.483643501996994,0.007381458301097155,0.0034254093188792467,0.00041128668817691505,0.005664244294166565,-0.9999783039093018,1.21777193271555e-05,0.0,0.0
Object_Sensor,9,326,983386930,True,False,7,0.7199598550796509,34.33612823486328,0.3007509410381317,-6.823497824370861e-05,0.005379537120461464,-0.6936846971511841,-0.7202589511871338,1.000403881072998,0.0,0.0
Object_Sensor,9,326,983386930,True,False,7,0.7199598550796509,34.33612823486328,0.3007509410381317,-6.823497824370861e-05,0.005379537120461464,-0.6936846971511841,-0.7202589511871338,1.000403881072998,0.0,0.0
Object_Sensor,10,327,83386946,True,False,1,-33.36027908325195,-5.137286186218262,-0.006137707270681858,1.4285120414569974e-05,-0.006308687850832939,0.9998430013656616,0.01657627336680889,0.05784143880009651,0.0,0.0
Object_Sensor,10,327,83386946,True,False,1,-33.80862045288086,-11.731122016906738,-0.14777249097824097,0.0002964131999760866,-0.018204234540462494,0.9996328949928284,0.02007497102022171,0.07181573659181595,0.0,0.0
Object_Sensor,10,327,83386946,True,False,1,46.770751953125,-9.329227447509766,-0.3825875222682953,0.003574218600988388,-0.010375406593084335,0.9996914267539978,0.02229716256260872,1.021878415485844e-05,0.0,0.0
Object_Sensor,10,327,83386946,True,False,1,37.17829513549805,-8.9224271774292,-0.3119547963142395,0.0046197292394936085,-0.009738706052303314,0.9997220635414124,0.02098170481622219,6.507372745545581e-06,0.0,0.0
Object_Sensor,10,327,83386946,True,False,1,-33.86054229736328,1.3985059261322021,-0.021812686696648598,0.0055169654078781605,-0.00025104903033934534,0.020455051213502884,-0.999775767326355,2.35649713431485e-06,0.0,0.0
Object_Sensor,10,327,83386946,True,False,2,-20.231531143188477,0.8392799496650696,-0.006853217259049416,0.004721439443528652,0.0008134685340337455,0.020417559891939163,-0.9997803568840027,6.114642019383609e-07,0.0,0.0
Object_Sensor,10,327,83386946,True,False,1,-9.489748001098633,0.483643501996994,0.007381100673228502,0.003425407921895385,0.00041127135045826435,0.005664244294166565,-0.9999783039093018,6.262380338739604e-06,0.0,0.0
Object_Sensor,10,327,83386946,True,False,7,0.7237098217010498,34.43606948852539,0.3018439710140228,-6.823497824370861e-05,0.005379537120461464,-0.6936846971511841,-0.7202589511871338,1.0001790523529053,0.0,0.0
Object_Sensor,10,327,83386946,True,False,7,0.7237098217010498,34.43606948852539,0.3018439710140228,-6.823497824370861e-05,0.005379537120461464,-0.6936846971511841,-0.7202589511871338,1.0001790523529053,0.0,0.0
Object_Sensor,11,327,183386962,True,False,1,-34.748416900634766,-5.090807914733887,-0.00571507727727294,0.0001533734321128577,-0.006282986141741276,0.9998385310173035,0.016853487119078636,0.06220821291208267,0.0,0.0
Object_Sensor,11,327,183386962,True,False,1,-35.19639587402344,-11.675296783447266,-0.14593461155891418,0.00041075312765315175,-0.017926447093486786,0.9996368288993835,0.0201298538595438,0.07487442344427109,0.0,0.0
Object_Sensor,11,327,183386962,True,False,1,46.770751953125,-9.329227447509766,-0.3825889527797699,0.003574228845536709,-0.010375414974987507,0.9996914267539978,0.02229716256260872,2.088410474243574e-05,0.0,0.0
Object_Sensor,11,327,183386962,True,False,1,37.17829513549805,-8.9224271774292,-0.3119552731513977,0.004619737155735493,-0.00973872933536768,0.9997220635414124,0.02098170481622219,1.8033497326541692e-05,0.0,0.0
Object_Sensor,11,327,183386962,True,False,1,-33.86054229736328,1.3985059261322021,-0.021812686696648598,0.005516967736184597,-0.00025113599258475006,0.020455051213502884,-0.999775767326355,1.0321378795197234e-05,0.0,0.0
Object_Sensor,11,327,183386962,True,False,2,-20.231531143188477,0.8392799496650696,-0.006853217259049416,0.004721439443528652,0.0008134685340337455,0.020417559891939163,-0.9997803568840027,6.114642019383609e-07,0.0,0.0
Object_Sensor,11,327,183386962,True,False,1,-9.489748001098633,0.483643501996994,0.007381219882518053,0.003425407921895385,0.00041127135045826435,0.005664244294166565,-0.9999783039093018,2.944598236354068e-06,0.0,0.0
Object_Sensor,11,327,183386962,True,False,7,0.7274597883224487,34.536006927490234,0.30293700098991394,-6.823497824370861e-05,0.005379537120461464,-0.6936846971511841,-0.7202589511871338,1.000136137008667,0.0,0.0
Object_Sensor,11,327,183386962,True,False,7,0.7274597883224487,34.536006927490234,0.30293700098991394,-6.823497824370861e-05,0.005379537120461464,-0.6936846971511841,-0.7202589511871338,1.000136137008667,0.0,0.0
Object_Sensor,12,327,283386979,True,False,1,-36.136497497558594,-5.04353141784668,-0.004977412987500429,0.00033666566014289856,-0.006266675889492035,0.9998337030410767,0.017139064148068428,0.06659141927957535,0.0,0.0
Object_Sensor,12,327,283386979,True,False,1,-36.58418655395508,-11.619344711303711,-0.1437263786792755,0.0004977278294973075,-0.017642458900809288,0.9996406435966492,0.020187508314847946,0.0776328593492508,0.0,0.0
Object_Sensor,12,327,283386979,True,False,1,46.770751953125,-9.329227447509766,-0.3825889527797699,0.003574234200641513,-0.010375404730439186,0.9996914267539978,0.02229716256260872,3.469220973784104e-05,0.0,0.0
Object_Sensor,12,327,283386979,True,False,1,37.17829513549805,-8.9224271774292,-0.31195467710494995,0.004619739018380642,-0.00973872933536768,0.9997220635414124,0.02098170481622219,2.5109562557190657e-05,0.0,0.0
Object_Sensor,12,327,283386979,True,False,1,-33.86054229736328,1.3985059261322021,-0.021812686696648598,0.005516985896974802,-0.0002511099155526608,0.020455051213502884,-0.999775767326355,7.5596399256028235e-06,0.0,0.0
Object_Sensor,12,327,283386979,True,False,2,-20.231531143188477,0.8392799496650696,-0.006853217259049416,0.004721439443528652,0.0008134685340337455,0.020417559891939163,-0.9997803568840027,6.114605639595538e-07,0.0,0.0
Object_Sensor,12,327,283386979,True,False,1,-9.489748001098633,0.48364347219467163,0.007381577510386705,0.003425413044169545,0.00041127100121229887,0.005664244294166565,-0.9999783039093018,7.41059920983389e-07,0.0,0.0
Object_Sensor,12,327,283386979,True,False,7,0.7312052249908447,34.63594436645508,0.30403026938438416,-6.823497824370861e-05,0.005379537120461464,-0.6936846971511841,-0.7202589511871338,0.9996007084846497,0.0,0.0
Object_Sensor,12,327,283386979,True,False,7,0.7312052249908447,34.63594436645508,0.30403026938438416,-6.823497824370861e-05,0.005379537120461464,-0.6936846971511841,-0.7202589511871338,0.9996007084846497,0.0,0.0
Object_Sensor,13,327,383386995,True,False,1,-37.52457046508789,-4.995477676391602,-0.003688912373036146,0.0004978923825547099,-0.006259039975702763,0.9998286962509155,0.017426270991563797,0.07247627526521683,0.0,0.0
Object_Sensor,13,327,383386995,True,False,1,-37.971954345703125,-11.563213348388672,-0.14128051698207855,0.0006098865997046232,-0.017364637926220894,0.9996442794799805,0.020245514810085297,0.08015353232622147,0.0,0.0
Object_Sensor,13,327,383386995,True,False,1,46.770751953125,-9.329227447509766,-0.3825875222682953,0.003574230708181858,-0.01037539355456829,0.9996914267539978,0.02229716256260872,3.1756637326907367e-05,0.0,0.0
Object_Sensor,13,327,383386995,True,False,1,37.17829513549805,-8.9224271774292,-0.3119543194770813,0.004619736690074205,-0.009738720022141933,0.9997220635414124,0.02098170481622219,2.4739034415688366e-05,0.0,0.0
Object_Sensor,13,327,383386995,True,False,1,-33.86054229736328,1.3985059261322021,-0.021812329068779945,0.0055169640108942986,-0.0002511018537916243,0.020455051213502884,-0.999775767326355,9.51900437939912e-06,0.0,0.0
Object_Sensor,13,327,383386995,True,False,2,-20.231531143188477,0.8392799496650696,-0.006853217259049416,0.004721439443528652,0.0008134685340337455,0.020417559891939163,-0.9997803568840027,6.114532880019397e-07,0.0,0.0
Object_Sensor,13,327,383386995,True,False,1,-9.489748001098633,0.48364347219467163,0.007381577510386705,0.0034254039637744427,0.0004112720489501953,0.005664244294166565,-0.9999783039093018,1.2923046597279608e-06,0.0,0.0
Object_Sensor,13,327,383386995,True,False,7,0.7349460124969482,34.73588180541992,0.3051232099533081,-6.823497824370861e-05,0.005379537120461464,-0.6936846971511841,-0.7202589511871338,0.9998679161071777,0.0,0.0
Object_Sensor,13,327,383386995,True,False,7,0.7349460124969482,34.73588180541992,0.3051232099533081,-6.823497824370861e-05,0.005379537120461464,-0.6936846971511841,-0.7202589511871338,0.9998679161071777,0.0,0.0
Object_Sensor,14,327,483387012,True,False,1,-38.91261672973633,-4.946620464324951,-0.0018347610021010041,0.0007188622839748859,-0.006260384805500507,0.999823272228241,0.017726097255945206,0.07908644527196884,0.0,0.0
Object_Sensor,14,327,483387012,True,False,1,-39.35972213745117,-11.506940841674805,-0.13871420919895172,0.000740814779419452,-0.017139770090579987,0.9996469020843506,0.020303521305322647,0.08190827071666718,0.0,0.0
Object_Sensor,14,327,483387012,True,False,1,46.770751953125,-9.329227447509766,-0.38258668780326843,0.003574223490431905,-0.010375396348536015,0.9996914267539978,0.02229716256260872,1.94241656572558e-05,0.0,0.0
Object_Sensor,14,327,483387012,True,False,1,37.17829513549805,-8.9224271774292,-0.3119540810585022,0.004619732964783907,-0.009738702327013016,0.9997220635414124,0.02098170481622219,2.27007367357146e-05,0.0,0.0
Object_Sensor,14,327,483387012,True,False,1,-33.86054229736328,1.3985059261322021,-0.021812209859490395,0.005517006851732731,-0.0002510799968149513,0.020455051213502884,-0.999775767326355,2.3240318114403635e-06,0.0,0.0
Object_Sensor,14,327,483387012,True,False,2,-20.231531143188477,0.8392799496650696,-0.006853217259049416,0.004721439443528652,0.0008134685340337455,0.020417559891939163,-0.9997803568840027,6.114642019383609e-07,0.0,0.0
Object_Sensor,14,327,483387012,True,False,1,-9.489748001098633,0.48364347219467163,0.007381577510386705,0.0034254055935889482,0.00041128709563054144,0.005664244294166565,-0.9999783039093018,1.7394086171407253e-06,0.0,0.0
Object_Sensor,14,327,483387012,True,False,7,0.738688588142395,34.83582305908203,0.30621635913848877,-6.823497824370861e-05,0.005379537120461464,-0.6936846971511841,-0.7202589511871338,1.0001356601715088,0.0,0.0
Object_Sensor,14,327,483387012,True,False,7,0.738688588142395,34.83582305908203,0.30621635913848877,-6.823497824370861e-05,0.005379537120461464,-0.6936846971511841,-0.7202589511871338,1.0001356601715088,0.0,0.0
Object_Sensor,15,327,583387028,True,False,1,-40.30064010620117,-4.8968329429626465,0.0004608614544849843,0.0009951334213837981,-0.0062776352278888226,0.9998167753219604,0.01807173155248165,0.08492390811443329,0.0,0.0
Object_Sensor,15,327,583387028,True,False,1,-40.74748992919922,-11.450545310974121,-0.13582614064216614,0.0008226782083511353,-0.016935106366872787,0.9996498823165894,0.020327314734458923,0.08370131254196167,0.0,0.0
Object_Sensor,15,327,583387028,True,False,1,46.770751953125,-9.329227447509766,-0.3825872838497162,0.003574218600988388,-0.010375406593084335,0.9996914267539978,0.02229716256260872,1.0129464499186724e-05,0.0,0.0
Object_Sensor,15,327,583387028,True,False,1,37.17829513549805,-8.9224271774292,-0.3119540810585022,0.004619727376848459,-0.009738689288496971,0.9997220635414124,0.02098170481622219,2.022816988755949e-05,0.0,0.0
Object_Sensor,15,327,583387028,True,False,1,-33.86054229736328,1.3985059261322021,-0.021812329068779945,0.005517025012522936,-0.00025114158052019775,0.020455051213502884,-0.999775767326355,3.847868356388062e-06,0.0,0.0
Object_Sensor,15,327,583387028,True,False,2,-20.231531143188477,0.8392799496650696,-0.006853217259049416,0.004721439443528652,0.0008134685340337455,0.020417559891939163,-0.9997803568840027,6.114605639595538e-07,0.0,0.0
Object_Sensor,15,327,583387028,True,False,1,-9.489748001098633,0.48364347219467163,0.007381935138255358,0.003425386967137456,0.00041128919110633433,0.005664244294166565,-0.9999783039093018,8.437858923571184e-06,0.0,0.0
Object_Sensor,15,327,583387028,True,False,7,0.7424368262290955,34.93575668334961,0.30731138586997986,-6.823497824370861e-05,0.005379537120461464,-0.6936846971511841,-0.7202589511871338,1.0003609657287598,0.0,0.0
Object_Sensor,15,327,583387028,True,False,7,0.7424368262290955,34.93575668334961,0.30731138586997986,-6.823497824370861e-05,0.005379537120461464,-0.6936846971511841,-0.7202589511871338,1.0003609657287598,0.0,0.0
Object_Sensor,16,327,683387044,True,False,1,-41.68861389160156,-4.846090793609619,0.0035395112354308367,0.001198204350657761,-0.006301734130829573,0.9998098015785217,0.018430761992931366,0.09074781835079193,0.0,0.0
Object_Sensor,16,327,683387044,True,False,1,-42.135257720947266,-11.394136428833008,-0.13271552324295044,0.0008748521213419735,-0.016782008111476898,0.9996525049209595,0.020322630181908607,0.08507467061281204,0.0,0.0
Object_Sensor,16,327,683387044,True,False,1,46.770751953125,-9.329227447509766,-0.3825887143611908,0.003574228845536709,-0.010375415906310081,0.9996914267539978,0.02229716256260872,1.833627902669832e-05,0.0,0.0
Object_Sensor,16,327,683387044,True,False,1,37.17829513549805,-8.9224271774292,-0.3119538426399231,0.004619725979864597,-0.00973869301378727,0.9997220635414124,0.02098170481622219,1.580464595463127e-05,0.0,0.0
Object_Sensor,16,327,683387044,True,False,1,-33.86054229736328,1.3985059261322021,-0.02181280590593815,0.0055169230327010155,-0.0002511009224690497,0.020455051213502884,-0.999775767326355,1.1361771612428129e-06,0.0,0.0
Object_Sensor,16,327,683387044,True,False,2,-20.231531143188477,0.8392799496650696,-0.006853217259049416,0.004721439443528652,0.0008134685340337455,0.020417559891939163,-0.9997803568840027,6.11467839917168e-07,0.0,0.0
Object_Sensor,16,327,683387044,True,False,1,-9.489748001098633,0.48364347219467163,0.007381577510386705,0.00342540186829865,0.0004112872702535242,0.005664244294166565,-0.9999783039093018,1.3251534255687147e-05,0.0,0.0
Object_Sensor,16,327,683387044,True,False,7,0.7461776733398438,35.03569030761719,0.30840444564819336,-6.823497824370861e-05,0.005379537120461464,-0.6936846971511841,-0.7202589511871338,1.0001790523529053,0.0,0.0
Object_Sensor,16,327,683387044,True,False,7,0.7461776733398438,35.03569030761719,0.30840444564819336,-6.823497824370861e-05,0.005379537120461464,-0.6936846971511841,-0.7202589511871338,1.0001790523529053,0.0,0.0
Object_Sensor,17,327,783387061,True,False,1,-43.076576232910156,-4.794363021850586,0.007209949195384979,0.0013535316102206707,-0.006335605401545763,0.9998030662536621,0.018770163878798485,0.09383545815944672,0.0,0.0
Object_Sensor,17,327,783387061,True,False,1,-43.52302169799805,-11.337776184082031,-0.12951163947582245,0.0009282652754336596,-0.01669013313949108,0.9996544122695923,0.020301172509789467,0.08584750443696976,0.0,0.0
Object_Sensor,17,327,783387061,True,False,1,46.770751953125,-9.329227447509766,-0.382589191198349,0.003574233502149582,-0.01037540752440691,0.9996914267539978,0.02229716256260872,3.426043622312136e-05,0.0,0.0
Object_Sensor,17,327,783387061,True,False,1,37.17829513549805,-8.9224271774292,-0.3119538426399231,0.004619723651558161,-0.009738693945109844,0.9997220635414124,0.02098170481622219,1.1514541256474331e-05,0.0,0.0
Object_Sensor,17,327,783387061,True,False,1,-33.86054229736328,1.3985059261322021,-0.021813401952385902,0.005516988690942526,-0.00025109903072007,0.020455051213502884,-0.999775767326355,7.988135621417314e-06,0.0,0.0
Object_Sensor,17,327,783387061,True,False,2,-20.231531143188477,0.8392799496650696,-0.006853217259049416,0.004721439443528652,0.0008134685340337455,0.020417559891939163,-0.9997803568840027,6.114605639595538e-07,0.0,0.0
Object_Sensor,17,327,783387061,True,False,1,-9.489748001098633,0.483643501996994,0.007381100673228502,0.003425417235121131,0.0004112703027203679,0.005664244294166565,-0.9999783039093018,7.170838216552511e-06,0.0,0.0
Object_Sensor,17,327,783387061,True,False,7,0.749923050403595,35.13562774658203,0.309497594833374,-6.823497824370861e-05,0.005379537120461464,-0.6936846971511841,-0.7202589511871338,0.999911367893219,0.0,0.0
Object_Sensor,17,327,783387061,True,False,7,0.749923050403595,35.13562774658203,0.309497594833374,-6.823497824370861e-05,0.005379537120461464,-0.6936846971511841,-0.7202589511871338,0.999911367893219,0.0,0.0
Object_Sensor,18,327,883387077,True,False,1,-44.464473724365234,-4.741743087768555,0.011102871038019657,0.001469759619794786,-0.006379680708050728,0.999796986579895,0.019072003662586212,0.09455979615449905,0.0,0.0
Object_Sensor,18,327,883387077,True,False,1,-44.910789489746094,-11.281495094299316,-0.12617002427577972,0.0009662263910286129,-0.01664355769753456,0.9996557831764221,0.0202711783349514,0.08697853982448578,0.0,0.0
Object_Sensor,18,327,883387077,True,False,1,46.770751953125,-9.329227447509766,-0.38258764147758484,0.003574230708181858,-0.01037539355456829,0.9996914267539978,0.02229716256260872,3.317176742712036e-05,0.0,0.0
Object_Sensor,18,327,883387077,True,False,1,37.17829513549805,-8.9224271774292,-0.3119543194770813,0.004619725048542023,-0.009738697670400143,0.9997220635414124,0.02098170481622219,8.639202860649675e-06,0.0,0.0
Object_Sensor,18,327,883387077,True,False,1,-33.86054229736328,1.3985059261322021,-0.021812686696648598,0.005517034325748682,-0.0002511435595806688,0.020455051213502884,-0.999775767326355,7.646765880053863e-06,0.0,0.0
Object_Sensor,18,327,883387077,True,False,2,-20.231531143188477,0.8392799496650696,-0.006853217259049416,0.004721439443528652,0.0008134685340337455,0.020417559891939163,-0.9997803568840027,6.114569259807467e-07,0.0,0.0
Object_Sensor,18,327,883387077,True,False,1,-9.489748001098633,0.483643501996994,0.007381458301097155,0.003425407223403454,0.0004112564492970705,0.005664244294166565,-0.9999783039093018,2.7003407012671232e-06,0.0,0.0
Object_Sensor,18,327,883387077,True,False,7,0.753665566444397,35.23556900024414,0.31059059500694275,-6.823497824370861e-05,0.005379537120461464,-0.6936846971511841,-0.7202589511871338,1.0001790523529053,0.0,0.0
Object_Sensor,18,327,883387077,True,False,7,0.753665566444397,35.23556900024414,0.31059059500694275,-6.823497824370861e-05,0.005379537120461464,-0.6936846971511841,-0.7202589511871338,1.0001790523529053,0.0,0.0
Object_Sensor,19,327,983387093,True,False,1,-45.85237503051758,-4.688373565673828,0.015237711369991302,0.0014942233683541417,-0.006421657279133797,0.9997918009757996,0.019327376037836075,0.09407501667737961,0.0,0.0
Object_Sensor,19,327,983387093,True,False,1,-46.29856872558594,-11.225298881530762,-0.12266632914543152,0.00098380446434021,-0.016639523208141327,0.999656617641449,0.02023717202246189,0.08827584236860275,0.0,0.0
Object_Sensor,19,327,983387093,True,False,1,46.770751953125,-9.329227447509766,-0.38258668780326843,0.0035742197651416063,-0.01037539541721344,0.9996914267539978,0.02229716256260872,2.1077212295494974e-05,0.0,0.0
Object_Sensor,19,327,983387093,True,False,1,37.17829513549805,-8.9224271774292,-0.31195467710494995,0.004619729705154896,-0.009738711640238762,0.9997220635414124,0.02098170481622219,1.3150340237189084e-05,0.0,0.0
Object_Sensor,19,327,983387093,True,False,1,-33.86054229736328,1.3985059261322021,-0.021812686696648598,0.00551694305613637,-0.0002510882040951401,0.020455051213502884,-0.999775767326355,1.423341382178478e-05,0.0,0.0
Object_Sensor,19,327,983387093,True,False,2,-20.231531143188477,0.8392799496650696,-0.006853217259049416,0.004721439443528652,0.0008134685340337455,0.020417559891939163,-0.9997803568840027,6.114551069913432e-07,0.0,0.0
Object_Sensor,19,327,983387093,True,False,1,-9.489748001098633,0.48364347219467163,0.007381696719676256,0.0034253911580890417,0.0004112587484996766,0.005664244294166565,-0.9999783039093018,8.496590453432873e-06,0.0,0.0
Object_Sensor,19,327,983387093,True,False,7,0.7574184536933899,35.335506439208984,0.3116837441921234,-6.823497824370861e-05,0.005379537120461464,-0.6936846971511841,-0.7202589511871338,1.0001786947250366,0.0,0.0
Object_Sensor,19,327,983387093,True,False,7,0.7574184536933899,35.335506439208984,0.3116837441921234,-6.823497824370861e-05,0.005379537120461464,-0.6936846971511841,-0.7202589511871338,1.0001786947250366,0.0,0.0
Object_Sensor,20,328,83387110,True,False,1,-47.240238189697266,-4.634385108947754,0.019421100616455078,0.0014452881878241897,-0.006464693695306778,0.9997875094413757,0.019533777609467506,0.09221415966749191,0.0,0.0
Object_Sensor,20,328,83387110,True,False,1,-47.68634796142578,-11.169203758239746,-0.11907751113176346,0.0010087696136906743,-0.016659049317240715,0.9996567964553833,0.020205184817314148,0.08890664577484131,0.0,0.0
Object_Sensor,20,328,83387110,True,False,1,46.770751953125,-9.329227447509766,-0.3825870454311371,0.0035742188338190317,-0.010375404730439186,0.9996914267539978,0.02229716256260872,1.048665217240341e-05,0.0,0.0
Object_Sensor,20,328,83387110,True,False,1,37.17829513549805,-8.9224271774292,-0.31195467710494995,0.004619734361767769,-0.00973872933536768,0.9997220635414124,0.02098170481622219,1.6247297025984153e-05,0.0,0.0
Object_Sensor,20,328,83387110,True,False,1,-33.86054229736328,1.3985059261322021,-0.021812209859490395,0.005516933277249336,-0.00025110773276537657,0.020455051213502884,-0.999775767326355,1.0356536222388968e-05,0.0,0.0
Object_Sensor,20,328,83387110,True,False,2,-20.231531143188477,0.8392799496650696,-0.006853217259049416,0.004721439443528652,0.0008134685340337455,0.020417559891939163,-0.9997803568840027,6.114514690125361e-07,0.0,0.0
Object_Sensor,20,328,83387110,True,False,1,-9.489748001098633,0.483643501996994,0.007381339091807604,0.0034253927879035473,0.0004112733295187354,0.005664244294166565,-0.9999783039093018,5.2202012739144266e-06,0.0,0.0
Object_Sensor,20,328,83387110,True,False,7,0.7611638307571411,35.43544387817383,0.3127768635749817,-6.823497824370861e-05,0.005379537120461464,-0.6936846971511841,-0.7202589511871338,1.0004465579986572,0.0,0.0
Object_Sensor,20,328,83387110,True,False,7,0.7611638307571411,35.43544387817383,0.3127768635749817,-6.823497824370861e-05,0.005379537120461464,-0.6936846971511841,-0.7202589511871338,1.0004465579986572,0.0,0.0
Object_Sensor,21,328,183387126,True,False,1,-48.628074645996094,-4.579894065856934,0.02347465790808201,0.00136537232901901,-0.006502237170934677,0.9997842907905579,0.019692707806825638,0.09027742594480515,0.0,0.0
Object_Sensor,21,328,183387126,True,False,1,-49.07412338256836,-11.113197326660156,-0.11543086916208267,0.0010385867208242416,-0.016689889132976532,0.9996569156646729,0.02017635852098465,0.08978350460529327,0.0,0.0
Object_Sensor,21,328,183387126,True,False,1,46.770751953125,-9.329227447509766,-0.38258859515190125,0.0035742251202464104,-0.010375414974987507,0.9996914267539978,0.02229716256260872,1.6102105291793123e-05,0.0,0.0
Object_Sensor,21,328,183387126,True,False,1,37.17829513549805,-8.9224271774292,-0.3119545578956604,0.0046197352930903435,-0.009738728404045105,0.9997220635414124,0.02098170481622219,1.9703809812199324e-05,0.0,0.0
Object_Sensor,21,328,183387126,True,False,1,-33.86054229736328,1.3985059261322021,-0.021812329068779945,0.0055170184932649136,-0.0002511361090000719,0.020455051213502884,-0.999775767326355,5.560548743233085e-06,0.0,0.0
Object_Sensor,21,328,183387126,True,False,2,-20.231531143188477,0.8392799496650696,-0.006853217259049416,0.004721439443528652,0.0008134685340337455,0.020417559891939163,-0.9997803568840027,6.114642019383609e-07,0.0,0.0
Object_Sensor,21,328,183387126,True,False,1,-9.489748001098633,0.483643501996994,0.007381339091807604,0.003425417235121131,0.0004112703027203679,0.005664244294166565,-0.9999783039093018,1.2561977200675756e-06,0.0,0.0
Object_Sensor,21,328,183387126,True,False,7,0.7649092078208923,35.53538131713867,0.3138717710971832,-6.823497824370861e-05,0.005379537120461464,-0.6936846971511841,-0.7202589511871338,1.000222086906433,0.0,0.0
Object_Sensor,21,328,183387126,True,False,7,0.7649092078208923,35.53538131713867,0.3138717710971832,-6.823497824370861e-05,0.005379537120461464,-0.6936846971511841,-0.7202589511871338,1.000222086906433,0.0,0.0
Object_Sensor,22,328,283387143,True,False,1,-50.01591110229492,-4.525033950805664,0.027392972260713577,0.0012898658169433475,-0.006529316306114197,0.9997819066047668,0.01981046050786972,0.08961261808872223,0.0,0.0
Object_Sensor,22,328,283387143,True,False,1,-50.46190643310547,-11.057259559631348,-0.11167364567518234,0.0010682290885597467,-0.016716282814741135,0.9996567964553833,0.02015601098537445,0.09109978377819061,0.0,0.0
Object_Sensor,22,328,283387143,True,False,1,46.770751953125,-9.329227447509766,-0.3825894296169281,0.003574232803657651,-0.010375410318374634,0.9996914267539978,0.02229716256260872,3.287549043307081e-05,0.0,0.0
Object_Sensor,22,328,283387143,True,False,1,37.17829513549805,-8.9224271774292,-0.3119545578956604,0.004619735758751631,-0.009738725610077381,0.9997220635414124,0.02098170481622219,2.2921278286958113e-05,0.0,0.0
Object_Sensor,22,328,283387143,True,False,1,-33.86054229736328,1.3985059261322021,-0.021812329068779945,0.0055169654078781605,-0.0002511315105948597,0.020455051213502884,-0.999775767326355,5.785910616395995e-06,0.0,0.0
Object_Sensor,22,328,283387143,True,False,2,-20.231531143188477,0.8392799496650696,-0.006853217259049416,0.004721439443528652,0.0008134685340337455,0.020417559891939163,-0.9997803568840027,6.114605639595538e-07,0.0,0.0
Object_Sensor,22,328,283387143,True,False,1,-9.489748001098633,0.483643501996994,0.007381458301097155,0.003425413044169545,0.00041127100121229887,0.005664244294166565,-0.9999783039093018,9.491232049185783e-07,0.0,0.0
Object_Sensor,22,328,283387143,True,False,7,0.7686546444892883,35.635318756103516,0.3149648904800415,-6.823497824370861e-05,0.005379537120461464,-0.6936846971511841,-0.7202589511871338,0.9999113082885742,0.0,0.0
Object_Sensor,22,328,283387143,True,False,7,0.7686546444892883,35.635318756103516,0.3149648904800415,-6.823497824370861e-05,0.005379537120461464,-0.6936846971511841,-0.7202589511871338,0.9999113082885742,0.0,0.0
Object_Sensor,23,328,383387159,True,False,1,-51.40373992919922,-4.469893455505371,0.031238827854394913,0.0012503496836870909,-0.006548102479428053,0.9997801184654236,0.019894059747457504,0.09016352146863937,0.0,0.0
Object_Sensor,23,328,383387159,True,False,1,-51.849693298339844,-11.001376152038574,-0.10783432424068451,0.0011092238128185272,-0.01672990992665291,0.9996569156646729,0.02013683132827282,0.09202323108911514,0.0,0.0
Object_Sensor,23,328,383387159,True,False,1,46.770751953125,-9.329227447509766,-0.38258787989616394,0.0035742304753512144,-0.01037539541721344,0.9996914267539978,0.02229716256260872,3.4259330277564004e-05,0.0,0.0
Object_Sensor,23,328,383387159,True,False,1,37.17829513549805,-8.9224271774292,-0.3119543194770813,0.004619736224412918,-0.009738721884787083,0.9997220635414124,0.02098170481622219,2.4322260287590325e-05,0.0,0.0
Object_Sensor,23,328,383387159,True,False,1,-33.86054229736328,1.3985059261322021,-0.021812567487359047,0.005517048295587301,-0.00025113485753536224,0.020455051213502884,-0.999775767326355,6.646303518209606e-06,0.0,0.0
Object_Sensor,23,328,383387159,True,False,2,-20.231531143188477,0.8392799496650696,-0.006853217259049416,0.004721439443528652,0.0008134685340337455,0.020417559891939163,-0.9997803568840027,6.11467839917168e-07,0.0,0.0
Object_Sensor,23,328,383387159,True,False,1,-9.489748001098633,0.48364347219467163,0.007381577510386705,0.0034254093188792467,0.0004112714377697557,0.005664244294166565,-0.9999783039093018,1.7690072127152234e-06,0.0,0.0
Object_Sensor,23,328,383387159,True,False,7,0.7724000215530396,35.73525619506836,0.3160580098628998,-6.823497824370861e-05,0.005379537120461464,-0.6936846971511841,-0.7202589511871338,0.9999113082885742,0.0,0.0
Object_Sensor,23,328,383387159,True,False,7,0.7724000215530396,35.73525619506836,0.3160580098628998,-6.823497824370861e-05,0.005379537120461464,-0.6936846971511841,-0.7202589511871338,0.9999113082885742,0.0,0.0
Object_Sensor,24,328,483387175,True,False,1,-52.79154968261719,-4.414577007293701,0.03509575501084328,0.0012522501638159156,-0.006557513028383255,0.9997791051864624,0.019944490864872932,0.09153543412685394,0.0,0.0
Object_Sensor,24,328,483387175,True,False,1,-53.23749542236328,-10.945537567138672,-0.10389795899391174,0.0011514683719724417,-0.01672908291220665,0.9996573328971863,0.020123137161135674,0.09307321161031723,0.0,0.0
Object_Sensor,24,328,483387175,True,False,1,46.770751953125,-9.329227447509766,-0.38258668780326843,0.0035742237232625484,-0.01037539355456829,0.9996914267539978,0.02229716256260872,2.3013501049717888e-05,0.0,0.0
Object_Sensor,24,328,483387175,True,False,1,37.17829513549805,-8.9224271774292,-0.31195420026779175,0.004619733430445194,-0.009738708846271038,0.9997220635414124,0.02098170481622219,2.494877844583243e-05,0.0,0.0
Object_Sensor,24,328,483387175,True,False,1,-33.86054229736328,1.3985059261322021,-0.02181280590593815,0.005517011974006891,-0.00025114105665124953,0.020455051213502884,-0.999775767326355,3.280940291006118e-06,0.0,0.0
Object_Sensor,24,328,483387175,True,False,2,-20.231531143188477,0.8392799496650696,-0.006853217259049416,0.004721439443528652,0.0008134685340337455,0.020417559891939163,-0.9997803568840027,6.114623829489574e-07,0.0,0.0
Object_Sensor,24,328,483387175,True,False,1,-9.489748001098633,0.48364347219467163,0.007381696719676256,0.003425381612032652,0.00041127458098344505,0.005664244294166565,-0.9999783039093018,6.811715138610452e-07,0.0,0.0
Object_Sensor,24,328,483387175,True,False,7,0.7761453986167908,35.8351936340332,0.31715127825737,-6.823497824370861e-05,0.005379537120461464,-0.6936846971511841,-0.7202589511871338,1.0003609657287598,0.0,0.0
Object_Sensor,24,328,483387175,True,False,7,0.7761453986167908,35.8351936340332,0.31715127825737,-6.823497824370861e-05,0.005379537120461464,-0.6936846971511841,-0.7202589511871338,1.0003609657287598,0.0,0.0
Object_Sensor,25,328,583387192,True,False,1,-54.179359436035156,-4.359167098999023,0.03904518112540245,0.0012890973594039679,-0.006559106521308422,0.9997785091400146,0.019974282011389732,0.0935124009847641,0.0,0.0
Object_Sensor,25,328,583387192,True,False,1,-54.62528610229492,-10.889734268188477,-0.09983234107494354,0.0011893524788320065,-0.016715025529265404,0.9996576905250549,0.020109647884964943,0.09432963281869888,0.0,0.0
Object_Sensor,25,328,583387192,True,False,1,46.770751953125,-9.329227447509766,-0.382586807012558,0.003574215807020664,-0.010375401936471462,0.9996914267539978,0.02229716256260872,1.2066186172887683e-05,0.0,0.0
Object_Sensor,25,328,583387192,True,False,1,37.17829513549805,-8.9224271774292,-0.3119540810585022,0.004619728308171034,-0.009738690219819546,0.9997220635414124,0.02098170481622219,2.15092659345828e-05,0.0,0.0
Object_Sensor,25,328,583387192,True,False,1,-33.86054229736328,1.3985059261322021,-0.0218129251152277,0.00551693607121706,-0.0002510499325580895,0.020455051213502884,-0.999775767326355,1.0912190191447735e-06,0.0,0.0
Object_Sensor,25,328,583387192,True,False,2,-20.231531143188477,0.8392799496650696,-0.006853217259049416,0.004721439443528652,0.0008134685340337455,0.020417559891939163,-0.9997803568840027,6.114551069913432e-07,0.0,0.0
Object_Sensor,25,328,583387192,True,False,1,-9.489748001098633,0.48364347219467163,0.007381696719676256,0.0034253858029842377,0.0004112738824915141,0.005664244294166565,-0.9999783039093018,6.007758202031255e-07,0.0,0.0
Object_Sensor,25,328,583387192,True,False,7,0.779893696308136,35.93512725830078,0.31824424862861633,-6.823497824370861e-05,0.005379537120461464,-0.6936846971511841,-0.7202589511871338,0.9998679161071777,0.0,0.0
Object_Sensor,25,328,583387192,True,False,7,0.779893696308136,35.93512725830078,0.31824424862861633,-6.823497824370861e-05,0.005379537120461464,-0.6936846971511841,-0.7202589511871338,0.9998679161071777,0.0,0.0
Object_Sensor,26,328,683387208,True,False,1,-55.56716537475586,-4.303696155548096,0.043085772544145584,0.0013573963660746813,-0.006555910222232342,0.9997780323028564,0.019992060959339142,0.09484894573688507,0.0,0.0
Object_Sensor,26,328,683387208,True,False,1,-56.01308059692383,-10.833969116210938,-0.09568200260400772,0.001231666188687086,-0.016692107543349266,0.9996582269668579,0.020098941400647163,0.09510572999715805,0.0,0.0
Object_Sensor,26,328,683387208,True,False,1,46.770751953125,-9.329227447509766,-0.38258835673332214,0.0035742251202464104,-0.010375414043664932,0.9996914267539978,0.02229716256260872,1.4255132555263117e-05,0.0,0.0
Object_Sensor,26,328,683387208,True,False,1,37.17829513549805,-8.9224271774292,-0.311953604221344,0.004619723651558161,-0.00973869115114212,0.9997220635414124,0.02098170481622219,1.6072783182607964e-05,0.0,0.0
Object_Sensor,26,328,683387208,True,False,1,-33.86054229736328,1.3985059261322021,-0.0218129251152277,0.005516904406249523,-0.00025113255833275616,0.020455051213502884,-0.999775767326355,4.885794623987749e-06,0.0,0.0
Object_Sensor,26,328,683387208,True,False,2,-20.231531143188477,0.8392799496650696,-0.006853217259049416,0.004721439443528652,0.0008134685340337455,0.020417559891939163,-0.9997803568840027,6.114551069913432e-07,0.0,0.0
Object_Sensor,26,328,683387208,True,False,1,-9.489748001098633,0.48364347219467163,0.007381696719676256,0.0034253858029842377,0.0004112738824915141,0.005664244294166565,-0.9999783039093018,1.882635842775926e-06,0.0,0.0
Object_Sensor,26,328,683387208,True,False,7,0.783636212348938,36.03506851196289,0.31933918595314026,-6.823497824370861e-05,0.005379537120461464,-0.6936846971511841,-0.7202589511871338,0.9996435046195984,0.0,0.0
Object_Sensor,26,328,683387208,True,False,7,0.783636212348938,36.03506851196289,0.31933918595314026,-6.823497824370861e-05,0.005379537120461464,-0.6936846971511841,-0.7202589511871338,0.9996435046195984,0.0,0.0
Object_Sensor,27,328,783387225,True,False,1,-56.9549674987793,-4.248172283172607,0.04722855985164642,0.0014294390566647053,-0.006550428457558155,0.9997778534889221,0.019998982548713684,0.09580633044242859,0.0,0.0
Object_Sensor,27,328,783387225,True,False,1,-57.40087890625,-10.778220176696777,-0.0914326012134552,0.001266539329662919,-0.01666519232094288,0.9996587038040161,0.020092615857720375,0.09599777311086655,0.0,0.0
Object_Sensor,27,328,783387225,True,False,1,46.770751953125,-9.329227447509766,-0.3825894296169281,0.0035742330364882946,-0.010375411249697208,0.9996914267539978,0.02229716256260872,2.934407166321762e-05,0.0,0.0
Object_Sensor,27,328,783387225,True,False,1,37.17829513549805,-8.9224271774292,-0.31195372343063354,0.0046197231858968735,-0.009738692082464695,0.9997220635414124,0.02098170481622219,9.638133633416146e-06,0.0,0.0
Object_Sensor,27,328,783387225,True,False,1,-33.86054229736328,1.3985059261322021,-0.021812686696648598,0.005516903940588236,-0.00025113808806054294,0.020455051213502884,-0.999775767326355,5.289228283800185e-06,0.0,0.0
Object_Sensor,27,328,783387225,True,False,2,-20.231531143188477,0.8392799496650696,-0.006853217259049416,0.004721439443528652,0.0008134685340337455,0.020417559891939163,-0.9997803568840027,6.114569259807467e-07,0.0,0.0
Object_Sensor,27,328,783387225,True,False,1,-9.489748001098633,0.48364347219467163,0.007381696719676256,0.0034253858029842377,0.0004112738824915141,0.005664244294166565,-0.9999783039093018,2.8512040444184095e-06,0.0,0.0
Object_Sensor,27,328,783387225,True,False,7,0.7873770594596863,36.13500213623047,0.3204323947429657,-6.823497824370861e-05,0.005379537120461464,-0.6936846971511841,-0.7202589511871338,0.9997295141220093,0.0,0.0
Object_Sensor,27,328,783387225,True,False,7,0.7873770594596863,36.13500213623047,0.3204323947429657,-6.823497824370861e-05,0.005379537120461464,-0.6936846971511841,-0.7202589511871338,0.9997295141220093,0.0,0.0
Object_Sensor,28,328,883387241,True,False,1,-58.342769622802734,-4.192634582519531,0.0515025295317173,0.0014910022728145123,-0.006544791162014008,0.9997777342796326,0.020000068470835686,0.09696657955646515,0.0,0.0
Object_Sensor,28,328,883387241,True,False,1,-58.78867721557617,-10.722511291503906,-0.08706450462341309,0.001300892559811473,-0.016638530418276787,0.9996591806411743,0.02008766680955887,0.09729553014039993,0.0,0.0
Object_Sensor,28,328,883387241,True,False,1,46.770751953125,-9.329227447509766,-0.38258811831474304,0.0035742302425205708,-0.010375399142503738,0.9996914267539978,0.02229716256260872,3.4602162486407906e-05,0.0,0.0
Object_Sensor,28,328,883387241,True,False,1,37.17829513549805,-8.9224271774292,-0.3119538426399231,0.004619722254574299,-0.009738696739077568,0.9997220635414124,0.02098170481622219,3.411609213799238e-06,0.0,0.0
Object_Sensor,28,328,883387241,True,False,1,-33.86054229736328,1.3985059261322021,-0.021812686696648598,0.005516907665878534,-0.0002511216443963349,0.020455051213502884,-0.999775767326355,4.303608875488862e-06,0.0,0.0
Object_Sensor,28,328,883387241,True,False,2,-20.231531143188477,0.8392799496650696,-0.006853217259049416,0.004721439443528652,0.0008134685340337455,0.020417559891939163,-0.9997803568840027,6.114642019383609e-07,0.0,0.0
Object_Sensor,28,328,883387241,True,False,1,-9.489748001098633,0.48364347219467163,0.007381696719676256,0.0034254039637744427,0.0004112720489501953,0.005664244294166565,-0.9999783039093018,4.058201739098877e-06,0.0,0.0
Object_Sensor,28,328,883387241,True,False,7,0.791124165058136,36.234947204589844,0.32152557373046875,-6.823497824370861e-05,0.005379537120461464,-0.6936846971511841,-0.7202589511871338,1.0006717443466187,0.0,0.0
Object_Sensor,28,328,883387241,True,False,7,0.791124165058136,36.234947204589844,0.32152557373046875,-6.823497824370861e-05,0.005379537120461464,-0.6936846971511841,-0.7202589511871338,1.0006717443466187,0.0,0.0
Object_Sensor,29,328,983387257,True,False,1,-59.7305793762207,-4.137117862701416,0.055867377668619156,0.0015501491725444794,-0.006540714763104916,0.9997777938842773,0.019998125731945038,0.09768600761890411,0.0,0.0
Object_Sensor,29,328,983387257,True,False,1,-60.176475524902344,-10.666794776916504,-0.08261637389659882,0.0013469859259203076,-0.016614660620689392,0.9996595978736877,0.020082449540495872,0.09832284599542618,0.0,0.0
Object_Sensor,29,328,983387257,True,False,1,46.770751953125,-9.329227447509766,-0.382586807012558,0.003574228147044778,-0.010375392623245716,0.9996914267539978,0.02229716256260872,2.524735828046687e-05,0.0,0.0
Object_Sensor,29,328,983387257,True,False,1,37.17829513549805,-8.9224271774292,-0.3119547963142395,0.004619726911187172,-0.009738704189658165,0.9997220635414124,0.02098170481622219,5.8524092310108244e-06,0.0,0.0
Object_Sensor,29,328,983387257,True,False,1,-33.86054229736328,1.3985059261322021,-0.021812686696648598,0.005516959819942713,-0.0002511388447601348,0.020455051213502884,-0.999775767326355,1.406038791174069e-05,0.0,0.0
Object_Sensor,29,328,983387257,True,False,2,-20.231531143188477,0.8392799496650696,-0.006853217259049416,0.004721439443528652,0.0008134685340337455,0.020417559891939163,-0.9997803568840027,6.114660209277645e-07,0.0,0.0
Object_Sensor,29,328,983387257,True,False,1,-9.489748001098633,0.483643501996994,0.007381458301097155,0.003425413044169545,0.00041127100121229887,0.005664244294166565,-0.9999783039093018,3.0435585358645767e-06,0.0,0.0
Object_Sensor,29,328,983387257,True,False,7,0.7948695421218872,36.33488464355469,0.322618693113327,-6.823497824370861e-05,0.005379537120461464,-0.6936846971511841,-0.7202589511871338,1.000403881072998,0.0,0.0
Object_Sensor,29,328,983387257,True,False,7,0.7948695421218872,36.33488464355469,0.322618693113327,-6.823497824370861e-05,0.005379537120461464,-0.6936846971511841,-0.7202589511871338,1.000403881072998,0.0,0.0
Object_Sensor,30,329,83387274,True,False,1,-61.118385314941406,-4.081611633300781,0.06036456674337387,0.0015933467075228691,-0.0065382858738303185,0.9997777938842773,0.019993916153907776,0.0988488495349884,0.0,0.0
Object_Sensor,30,329,83387274,True,False,1,-61.56427001953125,-10.611111640930176,-0.07803630828857422,0.0013884524814784527,-0.016594253480434418,0.9996601343154907,0.020073870196938515,0.09972266852855682,0.0,0.0
Object_Sensor,30,329,83387274,True,False,1,46.770751953125,-9.329227447509766,-0.382586807012558,0.0035742188338190317,-0.010375401005148888,0.9996914267539978,0.02229716256260872,1.376336149405688e-05,0.0,0.0
Object_Sensor,30,329,83387274,True,False,1,37.17829513549805,-8.9224271774292,-0.31195539236068726,0.00461973762139678,-0.009738730266690254,0.9997220635414124,0.02098170481622219,1.7348396795568988e-05,0.0,0.0
Object_Sensor,30,329,83387274,True,False,1,-33.86054229736328,1.3985059261322021,-0.021812448278069496,0.0055170487612485886,-0.0002511498751118779,0.020455051213502884,-0.999775767326355,9.803901775740087e-06,0.0,0.0
Object_Sensor,30,329,83387274,True,False,2,-20.231531143188477,0.8392799496650696,-0.006853217259049416,0.004721439443528652,0.0008134685340337455,0.020417559891939163,-0.9997803568840027,6.114569259807467e-07,0.0,0.0
Object_Sensor,30,329,83387274,True,False,1,-9.489748001098633,0.483643501996994,0.007381458301097155,0.0034254039637744427,0.0004112720489501953,0.005664244294166565,-0.9999783039093018,4.658977559302002e-07,0.0,0.0
Object_Sensor,30,329,83387274,True,False,7,0.7986167073249817,36.434814453125,0.32398560643196106,-6.823497824370861e-05,0.005379537120461464,-0.6936846971511841,-0.7202589511871338,1.0001970529556274,0.0,0.0
Object_Sensor,30,329,83387274,True,False,7,0.7986167073249817,36.434814453125,0.32398560643196106,-6.823497824370861e-05,0.005379537120461464,-0.6936846971511841,-0.7202589511871338,1.0001970529556274,0.0,0.0
Object_Sensor,31,329,183387290,True,False,1,-62.50619125366211,-4.026130199432373,0.06504028290510178,0.0016304102027788758,-0.006537500768899918,0.9997777342796326,0.019989605993032455,0.10072340816259384,0.0,0.0
Object_Sensor,31,329,183387290,True,False,1,-62.95207214355469,-10.55544376373291,-0.07329770922660828,0.0014350776327773929,-0.01657680608332157,0.9996605515480042,0.02006486803293228,0.1014554351568222,0.0,0.0
Object_Sensor,31,329,183387290,True,False,1,46.770751953125,-9.329227447509766,-0.38258811831474304,0.0035742216277867556,-0.010375412181019783,0.9996914267539978,0.02229716256260872,1.2676598998950794e-05,0.0,0.0
Object_Sensor,31,329,183387290,True,False,1,37.17829513549805,-8.9224271774292,-0.31195491552352905,0.004619739018380642,-0.00973872933536768,0.9997220635414124,0.02098170481622219,2.6182049623457715e-05,0.0,0.0
Object_Sensor,31,329,183387290,True,False,1,-33.86054229736328,1.3985059261322021,-0.021812209859490395,0.005516944918781519,-0.00025109120178967714,0.020455051213502884,-0.999775767326355,9.003648301586509e-06,0.0,0.0
Object_Sensor,31,329,183387290,True,False,2,-20.231531143188477,0.8392799496650696,-0.006853217259049416,0.004721439443528652,0.0008134685340337455,0.020417559891939163,-0.9997803568840027,6.114642019383609e-07,0.0,0.0
Object_Sensor,31,329,183387290,True,False,1,-9.489748001098633,0.48364347219467163,0.007381577510386705,0.0034254039637744427,0.0004112720489501953,0.005664244294166565,-0.9999783039093018,3.6795245250687003e-07,0.0,0.0
Object_Sensor,31,329,183387290,True,False,7,0.8023635745048523,36.53474807739258,0.32541343569755554,-6.823497824370861e-05,0.005379537120461464,-0.6936846971511841,-0.7202589511871338,1.0001120567321777,0.0,0.0
Object_Sensor,31,329,183387290,True,False,7,0.8023635745048523,36.53474807739258,0.32541343569755554,-6.823497824370861e-05,0.005379537120461464,-0.6936846971511841,-0.7202589511871338,1.0001120567321777,0.0,0.0
Object_Sensor,32,329,283387307,True,False,1,-63.894004821777344,-3.9706482887268066,0.06984400749206543,0.0016804058104753494,-0.006537979934364557,0.9997777342796326,0.019982703030109406,0.1021876335144043,0.0,0.0
Object_Sensor,32,329,283387307,True,False,1,-64.33987426757812,-10.499808311462402,-0.0684535801410675,0.001496169134043157,-0.01656164415180683,0.9996609091758728,0.020053578540682793,0.10276689380407333,0.0,0.0
Object_Sensor,32,329,283387307,True,False,1,-98.63206481933594,0.6016386151313782,0.2265782207250595,-0.0003289150772616267,-0.0006659545470029116,0.01777389645576477,-0.9998419880867004,0.07161740958690643,0.0,0.0
Object_Sensor,32,329,283387307,True,False,1,46.770751953125,-9.329227447509766,-0.38258931040763855,0.003574228845536709,-0.010375411249697208,0.9996914267539978,0.02229716256260872,2.7036574465455487e-05,0.0,0.0
Object_Sensor,32,329,283387307,True,False,1,37.17829513549805,-8.9224271774292,-0.3119540810585022,0.004619735758751631,-0.009738720022141933,0.9997220635414124,0.02098170481622219,2.351787406951189e-05,0.0,0.0
Object_Sensor,32,329,283387307,True,False,1,-33.86054229736328,1.3985059261322021,-0.021812090650200844,0.0055169533006846905,-0.00025106591056101024,0.020455051213502884,-0.999775767326355,1.8889077182393521e-06,0.0,0.0
Object_Sensor,32,329,283387307,True,False,2,-20.231531143188477,0.8392799496650696,-0.006853217259049416,0.004721439443528652,0.0008134685340337455,0.020417559891939163,-0.9997803568840027,6.114605639595538e-07,0.0,0.0
Object_Sensor,32,329,283387307,True,False,1,-9.489748001098633,0.48364347219467163,0.007381577510386705,0.0034254039637744427,0.0004112720489501953,0.005664244294166565,-0.9999783039093018,9.939976735040545e-07,0.0,0.0
Object_Sensor,32,329,283387307,True,False,7,0.80610191822052,36.63468933105469,0.326839417219162,-6.823497824370861e-05,0.005379537120461464,-0.6936846971511841,-0.7202589511871338,1.0001540184020996,0.0,0.0
Object_Sensor,32,329,283387307,True,False,7,0.80610191822052,36.63468933105469,0.326839417219162,-6.823497824370861e-05,0.005379537120461464,-0.6936846971511841,-0.7202589511871338,1.0001540184020996,0.0,0.0
Object_Sensor,33,329,383387323,True,False,1,-65.28181457519531,-3.915200710296631,0.07482050359249115,0.0017268351512029767,-0.0065386355854570866,0.9997778534889221,0.01997402310371399,0.10405158996582031,0.0,0.0
Object_Sensor,33,329,383387323,True,False,1,-65.72767639160156,-10.444205284118652,-0.06344195455312729,0.0015501418383792043,-0.016548117622733116,0.9996611475944519,0.020045150071382523,0.1045413613319397,0.0,0.0
Object_Sensor,33,329,383387323,True,False,1,-97.24403381347656,0.5523911118507385,0.22490251064300537,-0.00032668918720446527,-0.000884837587364018,0.017705990001559258,-0.9998430609703064,0.07719451189041138,0.0,0.0
Object_Sensor,33,329,383387323,True,False,1,46.770751953125,-9.329227447509766,-0.3825884759426117,0.0035742304753512144,-0.010375400073826313,0.9996914267539978,0.02229716256260872,3.492964606266469e-05,0.0,0.0
Object_Sensor,33,329,383387323,True,False,1,37.17829513549805,-8.9224271774292,-0.3119540810585022,0.004619732033461332,-0.009738696739077568,0.9997220635414124,0.02098170481622219,2.168823266401887e-05,0.0,0.0
Object_Sensor,33,329,383387323,True,False,1,-33.86054229736328,1.3985059261322021,-0.021812209859490395,0.005517033860087395,-0.0002511472557671368,0.020455051213502884,-0.999775767326355,3.905734047293663e-06,0.0,0.0
Object_Sensor,33,329,383387323,True,False,2,-20.231531143188477,0.8392799496650696,-0.006853217259049416,0.004721439443528652,0.0008134685340337455,0.020417559891939163,-0.9997803568840027,6.114623829489574e-07,0.0,0.0
Object_Sensor,33,329,383387323,True,False,1,-9.489748001098633,0.48364347219467163,0.007381935138255358,0.003425394417718053,0.0004112883470952511,0.005664244294166565,-0.9999783039093018,7.364509656326845e-06,0.0,0.0
Object_Sensor,33,329,383387323,True,False,7,0.8098459839820862,36.73462677001953,0.3282671570777893,-6.823497824370861e-05,0.005379537120461464,-0.6936846971511841,-0.7202589511871338,1.0006896257400513,0.0,0.0
Object_Sensor,33,329,383387323,True,False,7,0.8098459839820862,36.73462677001953,0.3282671570777893,-6.823497824370861e-05,0.005379537120461464,-0.6936846971511841,-0.7202589511871338,1.0006896257400513,0.0,0.0
Object_Sensor,34,329,483387339,True,False,1,-66.66963195800781,-3.859774112701416,0.07999443262815475,0.001786357956007123,-0.0065395222045481205,0.9997779726982117,0.019966648891568184,0.10640870034694672,0.0,0.0
Object_Sensor,34,329,483387339,True,False,1,-67.11548614501953,-10.388633728027344,-0.058242931962013245,0.0016162240644916892,-0.016535496339201927,0.9996614456176758,0.020039649680256844,0.10668636858463287,0.0,0.0
Object_Sensor,34,329,483387339,True,False,1,-95.85599517822266,0.5032891035079956,0.22253018617630005,-0.0003241457452531904,-0.0010991193121299148,0.017665307968854904,-0.9998435974121094,0.08450266718864441,0.0,0.0
Object_Sensor,34,329,483387339,True,False,1,46.770751953125,-9.329227447509766,-0.3825870454311371,0.0035742276813834906,-0.010375392623245716,0.9996914267539978,0.02229716256260872,2.7794481866294518e-05,0.0,0.0
Object_Sensor,34,329,483387339,True,False,1,37.17829513549805,-8.9224271774292,-0.3119540810585022,0.004619725979864597,-0.009738690219819546,0.9997220635414124,0.02098170481622219,1.905152021208778e-05,0.0,0.0
Object_Sensor,34,329,483387339,True,False,1,-33.86054229736328,1.3985059261322021,-0.021812209859490395,0.005516936536878347,-0.00025109684793278575,0.020455051213502884,-0.999775767326355,1.0552954336162657e-05,0.0,0.0
Object_Sensor,34,329,483387339,True,False,2,-20.231531143188477,0.8392799496650696,-0.006853217259049416,0.004721439443528652,0.0008134685340337455,0.020417559891939163,-0.9997803568840027,6.114569259807467e-07,0.0,0.0
Object_Sensor,34,329,483387339,True,False,1,-9.489748001098633,0.48364347219467163,0.007381577510386705,0.00342540186829865,0.0004112872702535242,0.005664244294166565,-0.9999783039093018,1.3042274076724425e-05,0.0,0.0
Object_Sensor,34,329,483387339,True,False,7,0.8135899901390076,36.83456039428711,0.3296951353549957,-6.823497824370861e-05,0.005379537120461464,-0.6936846971511841,-0.7202589511871338,1.000154972076416,0.0,0.0
Object_Sensor,34,329,483387339,True,False,7,0.8135899901390076,36.83456039428711,0.3296951353549957,-6.823497824370861e-05,0.005379537120461464,-0.6936846971511841,-0.7202589511871338,1.000154972076416,0.0,0.0
Object_Sensor,35,329,583387356,True,False,1,-68.05743408203125,-3.8043620586395264,0.0852980688214302,0.001871929969638586,-0.006540754809975624,0.9997779130935669,0.01995752938091755,0.10820697993040085,0.0,0.0
Object_Sensor,35,329,583387356,True,False,1,-68.50328826904297,-10.333086967468262,-0.05290411040186882,0.0017011791933327913,-0.01652326062321663,0.9996617436408997,0.020028376951813698,0.10859076678752899,0.0,0.0
Object_Sensor,35,329,583387356,True,False,1,-94.46794891357422,0.45426812767982483,0.21969547867774963,-0.0003223699750378728,-0.001365103991702199,0.017639918252825737,-0.9998437166213989,0.08984203636646271,0.0,0.0
Object_Sensor,35,329,583387356,True,False,1,46.770751953125,-9.329227447509766,-0.382586807012558,0.0035742195323109627,-0.010375398211181164,0.9996914267539978,0.02229716256260872,1.5640358469681814e-05,0.0,0.0
Object_Sensor,35,329,583387356,True,False,1,37.17829513549805,-8.9224271774292,-0.3119538426399231,0.004619725979864597,-0.00973869301378727,0.9997220635414124,0.02098170481622219,1.4315028238343075e-05,0.0,0.0
Object_Sensor,35,329,583387356,True,False,1,-33.86054229736328,1.3985059261322021,-0.021812448278069496,0.0055170198902487755,-0.0002511072380002588,0.020455051213502884,-0.999775767326355,9.52324626268819e-07,0.0,0.0
Object_Sensor,35,329,583387356,True,False,2,-20.231531143188477,0.8392799496650696,-0.006853217259049416,0.004721439443528652,0.0008134685340337455,0.020417559891939163,-0.9997803568840027,6.11467839917168e-07,0.0,0.0
Object_Sensor,35,329,583387356,True,False,1,-9.489748001098633,0.483643501996994,0.007381339091807604,0.0034254055935889482,0.00041128709563054144,0.005664244294166565,-0.9999783039093018,1.073137900675647e-05,0.0,0.0
Object_Sensor,35,329,583387356,True,False,7,0.817329466342926,36.93449401855469,0.33112090826034546,-6.823497824370861e-05,0.005379537120461464,-0.6936846971511841,-0.7202589511871338,1.0005079507827759,0.0,0.0
Object_Sensor,35,329,583387356,True,False,7,0.817329466342926,36.93449401855469,0.33112090826034546,-6.823497824370861e-05,0.005379537120461464,-0.6936846971511841,-0.7202589511871338,1.0005079507827759,0.0,0.0
