frame_id,timestamp_sec,timestamp_nanosec,position_x,position_y,position_z,orientation_x,orientation_y,orientation_z,orientation_w
map,807,566799037,81717.66580260244,50052.936799107214,41.21048291450303,-0.006541249368353092,-0.00034855419445844246,0.3426166676267898,0.9394524520330917
map,807,583465706,81717.6928490481,50052.959879465976,41.21048291450303,-0.006540721076974163,-0.0003583310183060196,0.3440204855978888,0.9389392930619462
map,807,600132375,81717.71872343002,50052.981915930985,41.20930094458777,-0.006692984207435413,-0.00031338714104386565,0.34602397030841725,0.9382017468129648
map,807,629413552,81717.76486137485,50053.02143180302,41.20930094458777,-0.0066919707010293554,-0.00033433103014254124,0.3489583403721091,0.937114284618286
map,807,648560536,81717.79402668247,50053.04664733925,41.20930094458777,-0.0066920312875844296,-0.0003331161166058676,0.34878820421922835,0.9371776215576345
map,807,666799053,81717.82238024712,50053.071349321,41.20930094458777,-0.00669198910975346,-0.00033396235729881937,0.3489067125823306,0.937133507919704
map,807,682861227,81717.8472919464,50053.09309203084,41.20930094458777,-0.006691952066809502,-0.0003347038043935819,0.3490105415777292,0.9370948445160283
map,807,700132392,81717.8746308355,50053.11672325515,41.20930094458777,-0.006691978519412924,-0.0003341745006243055,0.34893642058088875,0.9371224467181949
map,807,734435263,81717.92759345124,50053.162506299144,41.20930094458777,-0.0066919846526357525,-0.0003340516577402962,0.3489192180204872,0.9371288518911743
map,807,749339312,81717.9528860713,50053.18437022174,41.20930094458777,-0.006691986414378461,-0.0003340163632602614,0.34891427546526754,0.9371306921275422
map,807,772720934,81717.97822192257,50053.20635072071,41.206720124905395,-0.008054958856646723,-0.0007218637874421671,0.3525077092176801,0.9357739638890332
map,807,783465739,81718.00254218391,50053.22761786518,41.206720124905395,-0.008053865275197556,-0.0007339643307810177,0.3539131703193451,0.9352433183001096
map,807,800132408,81718.02719055068,50053.249301122414,41.206720124905395,-0.008053153246403766,-0.0007417360041337578,0.35481551941048245,0.9349013550829626
map,807,831419477,81718.07121809397,50053.28838918843,41.206720124905395,-0.008051824068672843,-0.0007560282250237472,0.356474299251211,0.9342701271708563
map,807,849325117,81718.09579057322,50053.31046296319,41.206189584750454,-0.008289193812686214,-0.0006327355463445076,0.3568935331123181,0.9341080745471965
map,807,866144134,81718.11793054687,50053.330535979345,41.206189584750454,-0.008287685948008116,-0.0006521885947117535,0.3590849077920623,0.9332678703928632
map,807,882704262,81718.13971093271,50053.35045790114,41.206189584750454,-0.00828617050414416,-0.000671168169786557,0.36122142923687217,0.9324430105758397
map,807,900132425,81718.16150155482,50053.370545597536,41.206189584750454,-0.008284947036190676,-0.0006861056357432369,0.3629018784378647,0.9317902744383701
map,807,933465763,81718.20122587607,50053.407028650276,41.206189584750454,-0.008282566810607924,-0.0007142656114495277,0.3660673196880957,0.9305512379058112
map,807,947285838,81718.2179935755,50053.42264497951,41.206189584750454,-0.008281538959459076,-0.0007260859445305267,0.3673950499393841,0.9300278308694325
map,807,960934942,81718.23341114007,50053.43788066589,41.20880459085966,-0.00791951640759283,-0.00016893175954666275,0.3698069858509802,0.9290748333356916
map,807,983045459,81718.25877734221,50053.46232287818,41.20880459085966,-0.007918920354520163,-0.00019488070269232417,0.37284929664527316,0.9278581005267215
map,808,132441,81718.27752759735,50053.48109659037,41.211374673869884,-0.0074310095854705025,0.0003929652133821482,0.37536200211908594,0.9268484196674409
map,808,42415282,81718.31462136593,50053.51729079075,41.211374673869884,-0.007431498412193913,0.0003836097859053144,0.3765285413417273,0.9263751309431577
map,808,42415282,81718.32849397117,50053.53249046103,41.211374673869884,-0.007431415412924109,0.00038521432844192084,0.3763285168344249,0.9264564064714991
map,808,62853301,81718.35058960335,50053.55424353551,41.211374673869884,-0.0074325481248083795,0.000362703033748558,0.3791329983075504,0.9253122690579697
map,808,82661278,81718.3721101886,50053.57562938186,41.211374673869884,-0.007433373243713558,0.0003453799906282186,0.381288471741689,0.9244261609191773
map,808,100375525,81718.39047765789,50053.59448556265,41.209337122384866,-0.007484723449464714,0.00030136121892889584,0.38372601636810544,0.9234166082860785
map,808,146749376,81718.42695256375,50053.63170192805,41.209337122384866,-0.007486086468380042,0.000265354644162304,0.3881634043897464,0.9215601226121184
map,808,146749376,81718.44138982844,50053.64737856962,41.209337122384866,-0.007486606792930254,0.00025024473479344717,0.3900226232555062,0.9207748049578649
map,808,164887311,81718.46063715732,50053.66772508168,41.209337122384866,-0.007486630924894183,0.0002495217298339818,0.39011154338691745,0.9207371350242033
map,808,182725470,81718.47979237561,50053.68821535429,41.209337122384866,-0.007486884962223767,0.0002417793656805862,0.39106350665121037,0.9203332124083969
map,808,200049080,81718.4980382324,50053.70716749139,41.209337122384866,-0.007487282973647717,0.00022912304939984958,0.3926186964486725,0.9196708363839998
map,808,233221085,81718.5318812562,50053.742884069485,41.20725398802425,-0.007946778499161762,-0.00028157478675826415,0.39518614667522844,0.918566643691741
map,808,254126506,81718.54806620673,50053.76052622319,41.20725398802425,-0.007946267907595493,-0.00029563358401163507,0.39681063289957524,0.9178660528884176
map,808,265923167,81718.56351135054,50053.77747683566,41.20725398802425,-0.007945641609998826,-0.00031201327012304186,0.3987018647529007,0.9170461234145667
map,808,282731780,81718.5800056723,50053.79567963385,41.20725398802425,-0.007944942455803256,-0.0003293360734151936,0.40070031383963595,0.9161746710731213
map,808,300132490,81718.59712151297,50053.81471247784,41.20725398802425,-0.007944065487062208,-0.00034985198662390625,0.40306490628747976,0.915136848097917
map,808,334459149,81718.63061659363,50053.851453367715,41.20455511925117,-0.007901961140009083,-0.0004445886945252859,0.40506639039416026,0.9142530178916997
map,808,356466265,81718.64703238783,50053.869851466,41.20455511925117,-0.007901253425276186,-0.0004569937363626186,0.40650121183986954,0.9136159620561324
map,808,365188635,81718.66163868134,50053.886367749095,41.20455511925117,-0.007900423524795292,-0.0004711232263160765,0.4081344285470511,0.9128875339194893
map,808,382995717,81718.67896124536,50053.906026874,41.20455511925117,-0.007899423705311407,-0.00048760033785627327,0.41003757609143276,0.9120342907720614
map,808,400132507,81718.69547919354,50053.92494724063,41.20455511925117,-0.007898274062990564,-0.0005058812028568374,0.4121472606286433,0.9110828704938644
map,808,445516749,81718.72731299451,50053.96114625522,41.20455511925117,-0.00789668986236296,-0.000530036020631979,0.41493191590835327,0.9098180403309543
map,808,445516749,81718.73858852529,50053.97412669406,41.20455511925117,-0.007896169397264955,-0.0005377339632287909,0.41581866711058035,0.9094131060378527
map,808,461766450,81718.75338047314,50053.9916607404,41.20303576258244,-0.007733161188740922,-0.0004654950135439236,0.41534671880416335,0.9096301911826786
map,808,483465854,81718.77274483215,50054.01434714557,41.20303576258244,-0.007732830605687178,-0.00047095477747957724,0.41598884573970324,0.9093367152779935
map,808,500132523,81718.78752045208,50054.031918918845,41.20303576258244,-0.007732320856850732,-0.0004792512341082935,0.4169642540974375,0.9088898681014046
map,808,530626632,81718.81384673697,50054.06252491818,41.20303576258244,-0.0077314313943449686,-0.0004933925143536261,0.41862587712932636,0.9081257382819427
map,808,542297543,81718.82465618047,50054.076336965045,41.202224470381466,-0.008231288321763468,-0.0006766596204546881,0.4197108600318207,0.9076202851389292
map,808,566105425,81718.84522874489,50054.10056491264,41.202224470381466,-0.008231031048943831,-0.0006797819865781325,0.4200551218709991,0.9074610088671919
map,808,582764555,81718.8599838477,50054.118040398746,41.202224470381466,-0.008230941934088184,-0.0006808601586392022,0.4201739860485888,0.9074059783097983
map,808,607435492,81718.87481929455,50054.13564083007,41.202224470381466,-0.008230623538097255,-0.0006846983657589297,0.4205970850399482,0.9072099426705047
map,808,633465878,81718.90168741123,50054.16757406936,41.20121828668203,-0.008484565180288164,-0.0007019229725117289,0.42124861080494297,0.9069052471745589
map,808,649101338,81718.91403857741,50054.182464947444,41.20121828668203,-0.008484252691581047,-0.0007056900334408648,0.4216512334150856,0.9067181242356297
map,808,665942468,81718.92751684117,50054.1987203124,41.20121828668203,-0.00848353629712587,-0.0007142506935564558,0.4225659409913061,0.9062921962435591
map,808,682773607,81718.94097339304,50054.21501112516,41.20121828668203,-0.0084828095570242,-0.0007228306697677571,0.42348235871304857,0.9058643448754757
map,808,700132556,81718.95408917866,50054.23131306974,41.20078906275897,-0.008063948547367276,-0.00042812829160993656,0.42524295136694445,0.9050432154061604
map,808,740810509,81718.9806064665,50054.26362807113,41.20078906275897,-0.008062372427326834,-0.0004568488281080259,0.42846395794096614,0.9035227867550177
map,808,740810509,81718.9871425498,50054.27207514992,41.20078906275897,-0.008061936128862135,-0.00046448451299375883,0.42931949409478376,0.9031165824134724
map,808,761437455,81719.00325264833,50054.29211814265,41.20078906275897,-0.00806207679261945,-0.0004620365770916096,0.4290452533062566,0.9032468987244636
map,808,783085164,81719.02018577867,50054.31319727712,41.20078906275897,-0.008061924541166835,-0.0004646855939186784,0.4293420195239961,0.9031058740319697
map,808,800097633,81719.03328602435,50054.32932536565,41.20078906275897,-0.008061273741088174,-0.0004758420745435616,0.43059141977002013,0.9025108412980032
map,808,833465911,81719.05862800057,50054.360644985616,41.19661416643496,-0.007827943800877814,-0.00045461921804078754,0.4323212889105359,0.9016855437301576
map,808,858012828,81719.07112049697,50054.376292996436,41.19661416643496,-0.007827340678456427,-0.0004648878214093292,0.43350378232297654,0.9011176323482358
map,808,864936752,81719.08261814396,50054.390756674475,41.19661416643496,-0.007826689246503447,-0.00047572914749962995,0.43475151860640143,0.9005163150585583
map,808,882710306,81719.0960884489,50054.40779457503,41.19661416643496,-0.007825895955312526,-0.0004886054438260567,0.43623251383482137,0.8997998168984973
map,808,900132589,81719.10947883352,50054.42484997198,41.19661416643496,-0.007824986603217891,-0.0005029586887349115,0.4378821708456663,0.898998176345594
map,808,933465927,81719.13529209292,50054.457791587614,41.19661416643496,-0.007824190061094749,-0.0005152015828581743,0.43928826893488454,0.8983119354619583
map,808,949831168,81719.14798258494,50054.47408707628,41.19661416643496,-0.007823895524340837,-0.0005196552773838164,0.43979954550797246,0.8980617330608168
map,808,966799266,81719.16044844103,50054.490411574116,41.196139012469054,-0.007321927062723601,-0.00036170236816671737,0.4416160373326191,0.8971741938587622
map,808,983465936,81719.1727590955,50054.50661969599,41.196139012469054,-0.00732156022591691,-0.00036905334743531385,0.4425165711291727,0.8967303623897012
map,809,132605,81719.18445088006,50054.522399188274,41.19459258607143,-0.007202084239296422,-0.0004127663024261633,0.4430836554411436,0.896451244567993
map,809,27733620,81719.20352974605,50054.54763058249,41.19459258607143,-0.007201712091143839,-0.0004192092158017565,0.44388545511644595,0.8960544974177939
map,809,42132231,81719.2137762922,50054.56173829257,41.19459258607143,-0.007201612465771447,-0.0004209172165471442,0.44409795769761606,0.8959491969835098
map,809,66302364,81719.23056992705,50054.58410325146,41.19459258607143,-0.007200815059941932,-0.00043434534975520704,0.4457678643429247,0.8951195287366583
map,809,82844000,81719.2420754625,50054.59968764564,41.19459258607143,-0.0072001960563487745,-0.0004444886505638153,0.4470283699172407,0.8944906908938316
map,809,108977158,81719.25445682499,50054.616199573014,41.19459258607143,-0.007199364217369854,-0.0004577644328637269,0.44867697332881595,0.8936648886529461
map,809,133465960,81719.27823173105,50054.64811766445,41.19459258607143,-0.007197972657104059,-0.00047914824211596355,0.45132963990591707,0.892328143537446
map,809,150693316,81719.28992168121,50054.66396363081,41.19459258607143,-0.007197728300757234,-0.00048280505260287713,0.4517829218223664,0.8920987339730031
map,809,166799299,81719.30093116932,50054.679788920424,41.19426397044469,-0.007218967788179744,-0.0005045415727211369,0.4523628460275687,0.8918046240492997
map,809,182877823,81719.31152884949,50054.69507752139,41.19426397044469,-0.007218644802046863,-0.0005091417752085157,0.45293105886179275,0.8915161736391606
map,809,200132638,81719.32265393197,50054.71114548498,41.19426397044469,-0.007217723220350778,-0.0005220437144433897,0.45452384947643754,0.8907051713103474
map,809,247199313,81719.3436576257,50054.74108111322,41.19477512733907,-0.007399194374212742,-0.0006107198086051976,0.455720978547918,0.8900917192375492
map,809,247199313,81719.35293782856,50054.755287580556,41.19477512733907,-0.007398862051759919,-0.0006147327964500225,0.45620366775298776,0.889844420375073
map,809,261770937,81719.36232633195,50054.768834876886,41.19477512733907,-0.007397826341190043,-0.000627073757702394,0.45768735545027983,0.8890822029513679
map,809,283121771,81719.37617253629,50054.78864872392,41.19477512733907,-0.0073967290531527525,-0.0006398870105340806,0.4592266984208798,0.8882880830008846
map,809,300132654,81719.38709393919,50054.80477376386,41.19381990170597,-0.007406543367655471,-0.0006632351690247272,0.46071725187236184,0.8875158122882275
map,809,329898425,81719.4070305523,50054.833365055114,41.19381990170597,-0.007404688763812653,-0.0006836299126421657,0.4631596799722568,0.8862436539024977
map,809,351681837,81719.42064673785,50054.853201223035,41.19381990170597,-0.007403487632588295,-0.0006965173511870857,0.46470155885731695,0.8854361436207769
map,809,362963751,81719.42941064986,50054.866287543264,41.19381990170597,-0.007403276215771052,-0.0006987609171892365,0.46496986548088903,0.8852952769721171
map,809,382832106,81719.44262472792,50054.88570197395,41.19381990170597,-0.00740299379303433,-0.00070174671120547,0.46532688034954905,0.8851076757426806
map,809,400132670,81719.4539422083,50054.90218003323,41.19381990170597,-0.007401879003978919,-0.0007134092492031142,0.46672078904494796,0.8843734552256273
map,809,444039732,81719.47503584772,50054.93340027452,41.19070799734011,-0.007482263795229593,-0.0009119245076103706,0.46864292595828977,0.8833555298244553
map,809,444039732,81719.48179844375,50054.943807279495,41.19070799734011,-0.00748168611257831,-0.0009166519087618996,0.4692009705454841,0.8830592468013496
map,809,466799348,81719.49615096588,50054.965343641416,41.19070799734011,-0.00748195411143044,-0.0009144618545533245,0.46894246420026414,0.8831965519588351
map,809,483466017,81719.50650016502,50054.98099700086,41.19070799734011,-0.007481163308439485,-0.0009209089865142798,0.4697033726183153,0.8827921192858323
map,809,500132687,81719.5167922983,50054.996616300705,41.19070799734011,-0.0074800412153220915,-0.0009299791535657019,0.4707734049485771,0.8822219592116908
map,809,527705297,81719.53357255408,50055.02205101331,41.189698100579065,-0.007721300117655999,-0.0010951217789480273,0.472187836317849,0.8814634589512209
map,809,545602619,81719.54412273588,50055.03825080193,41.189698100579065,-0.007721381454630148,-0.0010945481486597424,0.4721223497381568,0.8814985360796149
map,809,563524367,81719.55491656033,50055.054850443055,41.189698100579065,-0.0077212937568703005,-0.0010951666255673417,0.4721929560011104,0.8814607163882665
map,809,583618602,81719.5667082932,50055.072952296905,41.189698100579065,-0.0077210617627365965,-0.0010968010182561302,0.4723795300314492,0.881360744440124
map,809,600132703,81719.57604907433,50055.08771446991,41.18849342777762,-0.007997846348345992,-0.0012547275026807982,0.4726759598113013,0.8811991245621771
map,809,620928261,81719.58834222585,50055.106530231555,41.18849342777762,-0.007997532818517292,-0.0012567243669451829,0.47289596299635916,0.8810810792965812
map,809,649603832,81719.60529879353,50055.13240122299,41.18849342777762,-0.007997413413481588,-0.0012574840005342798,0.47297964964473654,0.8810361576772116
map,809,665967141,81719.61472945247,50055.14690860774,41.18849342777762,-0.007995907359352006,-0.0012670251845939532,0.47403051744958974,0.8804711969389779
map,809,682696271,81719.62436138872,50055.16178684171,41.18849342777762,-0.007994371536863198,-0.0012766796968411665,0.47509338242152843,0.8798981407480945
map,809,700132720,81719.63452211721,50055.17728716316,41.18849342777762,-0.007992214032670517,-0.0012901171162802978,0.47657189525670157,0.8790982247531375
map,809,748207472,81719.65315608632,50055.20643284504,41.18863379574781,-0.0077683917744514564,-0.0011640276790639593,0.4786317878535621,0.877980585653751
map,809,748207472,81719.66110598213,50055.21935984148,41.18863379574781,-0.007767219744525434,-0.001171822784915161,0.4795126128948573,0.8774998297455947
map,809,765082710,81719.67036040874,50055.234383431256,41.18863379574781,-0.0077651345705042184,-0.001185561597283051,0.48106420882492057,0.8766501720278473
map,809,782628833,81719.67995150236,50055.25002517158,41.18863379574781,-0.007763226437622642,-0.001197992686617464,0.48246718010566786,0.8758788256657917
map,809,800132736,81719.68921535942,50055.26573278589,41.187441955909264,-0.007347643144361938,-0.0010837560156878043,0.48397920695278795,0.8750479785991578
map,809,833466075,81719.70829861875,50055.296608663564,41.187441955909264,-0.007346131898426336,-0.0010939529283070467,0.4851932392473544,0.8743754103368765
map,809,850132744,81719.71771502559,50055.31225339908,41.187441955909264,-0.0073449896838927616,-0.0011015958523602934,0.4861027482732528,0.8738701023231727
map,809,866799414,81719.7269713168,50055.327715531945,41.187441955909264,-0.007343541320298632,-0.0011112100411241384,0.48724629211026005,0.8732330092466298
map,809,883466083,81719.73636849129,50055.34348534964,41.187441955909264,-0.0073419791743444904,-0.0011214850341936208,0.4884677613628859,0.8725503330595046
map,809,900132752,81719.74616707792,50055.35946184927,41.187441955909264,-0.0073403723877184905,-0.0011319541015643812,0.48971158626484945,0.8718528544950039
map,809,933466091,81719.7650390031,50055.39117423991,41.18593930340597,-0.007343859104165034,-0.0013180709415360993,0.49223648062060105,0.8704295362455804
map,809,950132761,81719.77480120312,50055.40820664302,41.18593930340597,-0.007341755870088841,-0.0013297361741208507,0.4936186761248217,0.8696464413790409
map,809,966799430,81719.78432276736,50055.42494938464,41.18593930340597,-0.0073396930156347994,-0.0013410756820520084,0.49496146370096344,0.8688828919212596
map,809,980108718,81719.79184964056,50055.43848499163,41.18593930340597,-0.007337991481049681,-0.0013503549802891873,0.49605969096138536,0.8682563638843922
map,810,132769,81719.80360395092,50055.45913992755,41.18593930340597,-0.0073354541416843794,-0.0013640711433041157,0.4976820468258646,0.8673274529782101
map,810,34565442,81719.82409445193,50055.49470462235,41.184137711721085,-0.007389902108377562,-0.0016749912486717358,0.5003685828268574,0.8657793397113308
map,810,57314384,81719.83441690206,50055.513176809814,41.184137711721085,-0.007389015966932132,-0.0016788960345870303,0.5008260136739494,0.8655148108372303
map,810,65137014,81719.843566921,50055.529652950136,41.184137711721085,-0.007388577104170406,-0.001680826353392549,0.5010521118209653,0.8653839407978959
map,810,80556833,81719.85292922417,50055.54651049925,41.184137711721085,-0.007388086283811164,-0.0016829824471726938,0.5013046304325651,0.8652376848346441
map,810,100132785,81719.86453799639,50055.5673103014,41.184137711721085,-0.0073848589334043,-0.0016970879141189907,0.5029560030762534,0.864278799185023
map,810,132130186,81719.88366176853,50055.601458376004,41.18305882312116,-0.00783863758126841,-0.0021380046971837628,0.5047440346013946,0.8632308174706754
map,810,141813690,81719.88960640073,50055.61238236272,41.18305882312116,-0.007839171422906705,-0.0021360464924565963,0.5045283786900759,0.8633568785810116
map,810,166035480,81719.90375774312,50055.637910230595,41.18305882312116,-0.00783879615521419,-0.00213742322731192,0.5046799994275123,0.8632682566124105
map,810,190867597,81719.91425449651,50055.65700785562,41.18305882312116,-0.007838834818569236,-0.002137281428085662,0.5046643833668585,0.8632773858139299
map,810,200132802,81719.9239436597,50055.675006779384,41.18338367927337,-0.008393126384622609,-0.002433555107480658,0.50471400820351,0.8632423779925184
map,810,233371489,81719.94371787235,50055.7104671219,41.18338367927337,-0.00839163258264077,-0.0024387012050177868,0.5052432422245601,0.8629327316920163
map,810,246566297,81719.9514120464,50055.7245433127,41.18338367927337,-0.008385074139375212,-0.002461156770011705,0.507551492792472,0.8615771093774277
map,810,266415334,81719.96293450141,50055.74565312363,41.18338367927337,-0.0083805064262384,-0.0024766657039597146,0.5091446197854795,0.8606366186623308
map,810,282790866,81719.97251638895,50055.763372890375,41.18338367927337,-0.008376641854349002,-0.002489705246281555,0.5104834078057215,0.8598431970970568
map,810,300132818,81719.98290013119,50055.782417135866,41.18338367927337,-0.0083721796525614,-0.0025046694062551,0.5120190377474622,0.8589296468414591
map,810,333466157,81720.0026949186,50055.81900853503,41.18338367927337,-0.008365941381643318,-0.0025254278386644302,0.5141479295109683,0.8576570059287192
map,810,346879598,81720.01058443316,50055.83376513234,41.18338367927337,-0.008363637334287563,-0.002533047869643331,0.5149290115943691,0.8571882793514367
map,810,361332809,81720.01863019662,50055.84977677975,41.18320233976342,-0.00790375673175387,-0.00221834774769087,0.5163165486019616,0.8563584712038258
map,810,382816044,81720.03059439696,50055.87322507292,41.18320233976342,-0.007899234551429905,-0.002234397168348946,0.51805490650191,0.855307969922
map,810,400132834,81720.04034529525,50055.89273804267,41.18320233976342,-0.007895365141081245,-0.0022480316931549034,0.519530804826523,0.8544122847894338
map,810,433466173,81720.05860366563,50055.92907752725,41.17955580875134,-0.007394699744430096,-0.002031107028733832,0.5216690778242262,0.8531134545076341
map,810,454280905,81720.06801568119,50055.94882056961,41.17955580875134,-0.0073971094291252985,-0.0020223135676724546,0.5206543886465383,0.8537330968183364
map,810,472506653,81720.0775589465,50055.96796653751,41.17955580875134,-0.0073945577532661,-0.002031623908615641,0.5217287086416926,0.8530769880843108
map,810,483012926,81720.08681787115,50055.98666138662,41.17955580875134,-0.007392100512433124,-0.0020405465166303963,0.5227578606814869,0.8524467209835713
map,810,500132851,81720.0962444749,50056.006485042526,41.175903625228834,-0.0072732299344621405,-0.002118364739952455,0.5242745353563141,0.8515156042223008
map,810,539920282,81720.11548601577,50056.045326382824,41.175903625228834,-0.007266395544560019,-0.002141690603478546,0.5270039958291111,0.8498290422416143
map,810,547736448,81720.12366889397,50056.06259807563,41.175903625228834,-0.007263295942312346,-0.0021521791062592797,0.5282303728009006,0.8490673035206165
map,810,565981047,81720.13426099389,50056.08470964578,41.175903625228834,-0.007264604863020552,-0.0021477567448871223,0.5277133547891509,0.8493887377604724
map,810,582797389,81720.14392585112,50056.10497343044,41.175903625228834,-0.0072640460293344105,-0.0021496460487115,0.5279342457341161,0.8492514614872905
map,810,600003656,81720.15369225237,50056.12484273381,41.175903625228834,-0.007260028012349553,-0.0021631773184207035,0.5295157283487144,0.8482662943253607
map,810,633466206,81720.1722231195,50056.16324150043,41.177173737800466,-0.0072962412226402085,-0.002302386798626087,0.5317084669645725,0.8468928917149054
map,810,657178785,81720.18122188842,50056.18242821759,41.177173737800466,-0.007294084079760421,-0.002309211637513447,0.5325005272813581,0.8463950923322549
map,810,666260797,81720.19000268308,50056.20126112253,41.177173737800466,-0.007291577061812932,-0.002317115642579251,0.5334175413628865,0.8458174687516354
map,810,682979646,81720.19908213492,50056.22081425336,41.177173737800466,-0.0072889758100310766,-0.002325285485746593,0.5343650708701617,0.8452191638344327
map,810,700132884,81720.20843680999,50056.24107706761,41.177173737800466,-0.007284761998268739,-0.0023384532447798924,0.5358915530643379,0.8442521585600729
map,810,735395591,81720.22696253342,50056.28043962297,41.177173737800466,-0.007281274115344894,-0.0023492910008448085,0.5371472787152877,0.8434537716127729
map,810,751107121,81720.23616079922,50056.300424122666,41.177912371786626,-0.007259980401368085,-0.0022751889498400122,0.5381324624049983,0.8428259423544977
map,810,766799561,81720.24522634948,50056.32025767225,41.177912371786626,-0.007256664251962806,-0.0022857436689200095,0.5393574915887606,0.8420425241440568
map,810,783466231,81720.25439727571,50056.34046491366,41.177912371786626,-0.007253113195415291,-0.0022969869743242775,0.5406618033372768,0.8412056410960985
map,810,800132900,81720.26324878934,50056.36068700699,41.176474099784336,-0.006942594929109347,-0.002116637342493965,0.5420479612643772,0.8403162070977466
map,810,828821156,81720.27818168247,50056.39435256674,41.176474099784336,-0.006937836770043355,-0.0021321817327725895,0.5439287026015132,0.8391000457086422
map,810,849320997,81720.28935489563,50056.419725769934,41.176474099784336,-0.006938350354511985,-0.0021305098796715613,0.5437264912094965,0.8392310903315131
map,810,866208065,81720.29834058984,50056.440426815854,41.176474099784336,-0.006935240573941019,-0.0021406111676100766,0.5449479934867595,0.838438432215965
map,810,882659358,81720.30704249706,50056.46063221178,41.176474099784336,-0.006932239290277844,-0.00215031077094983,0.546120350567314,0.8376752848916129
map,810,900132916,81720.31631729717,50056.48164723784,41.176474099784336,-0.006930102693274603,-0.0021571867443508034,0.5469510859460075,0.8371331016060074
map,810,933466255,81720.33399092659,50056.52193477961,41.176474099784336,-0.006925595290512637,-0.00217161411428548,0.5486932427434066,0.8359922521110682
map,810,947161755,81720.34122603068,50056.53860770581,41.176474099784336,-0.006923999392376805,-0.002176697131826189,0.5493067392670902,0.8355892689699693
map,810,961156050,81720.34868893339,50056.55658312505,41.17273366077493,-0.006867673107739468,-0.0022831958268502177,0.5503382140829062,0.8349104575958664
map,810,983466263,81720.3600561421,50056.58401896696,41.16983187438884,-0.006718170339861389,-0.002306083864894005,0.5519059143243281,0.8338761358249318
map,811,132933,81720.36867968412,50056.60533437352,41.16983187438884,-0.006714652457054748,-0.0023163069503600747,0.5531745215562268,0.833035111424202
map,811,33466272,81720.38569701649,50056.64657103297,41.16983187438884,-0.006711481428624398,-0.0023254789916375427,0.55431217783339,0.8322785337073741
map,811,50132941,81720.394600932,50056.66896948129,41.16983187438884,-0.006711184602093712,-0.00232633547536421,0.5544183866479182,0.8322077869806389
map,811,66799610,81720.40346134196,50056.69065948261,41.16983187438884,-0.006710905262400121,-0.0023271411788733636,0.5545182944751305,0.8321412195396195
map,811,83466280,81720.41232927529,50056.71193039882,41.16983187438884,-0.006709679368516666,-0.002330673353136289,0.5549562414313937,0.8318492160607195
map,811,100132949,81720.4211759733,50056.733203728596,41.16983187438884,-0.0067077247247694875,-0.0023362929020210327,0.5556528456823875,0.8313840648277772
map,811,126784859,81720.43531508218,50056.76736663303,41.16983187438884,-0.006703909562718934,-0.002347217945186041,0.5570065890898321,0.8304776986018371
map,811,150132957,81720.447616242,50056.797579427446,41.16666006333369,-0.006956819076589246,-0.00269956666107865,0.55871272407369,0.8293276837091204
map,811,171788967,81720.45651463579,50056.81972478457,41.16666006333369,-0.006952368608256488,-0.002711007664491769,0.5600762942153705,0.8284074237150195
map,811,183466296,81720.46549140284,50056.84226984627,41.16666006333369,-0.006947777100918736,-0.0027227532348622074,0.5614754956646841,0.8274597167090827
map,811,200132966,81720.47425755809,50056.86500089369,41.16296854812635,-0.006629279752034472,-0.002640350566816039,0.5629355729735797,0.8264699763934326
map,811,227074133,81720.48800385362,50056.90056599275,41.16296854812635,-0.006621977606676842,-0.0026586112395554267,0.5652112368025631,0.8249153526216918
map,811,240337284,81720.49509559236,50056.91946394507,41.16296854812635,-0.006618221665365849,-0.0026679473635178984,0.5663740270434452,0.8241174325843644
map,811,261809495,81720.50641932494,50056.94937916926,41.16296854812635,-0.006616907561547191,-0.0026712048720305285,0.5667796317412026,0.8238385340842952
map,811,282641246,81720.5173938757,50056.978475119555,41.16296854812635,-0.006615980400095914,-0.0026735004192942856,0.5670654249166611,0.8236418427101311
map,811,300238993,81720.52644037554,50057.00215276307,41.16296854812635,-0.006615001605377641,-0.0026759213193349412,0.5673667938274936,0.8234342733095119
map,811,345594504,81720.54346015252,50057.04739897881,41.1623870754268,-0.006847255083536306,-0.002883755320386134,0.5675132458880442,0.8233307444731367
map,811,345594504,81720.5498634943,50057.0647171752,41.1623870754268,-0.00684713801269314,-0.0028840332803214603,0.567546668290477,0.8233077057610068
map,811,363813132,81720.5589917606,50057.08937484097,41.1623870754268,-0.006842912633633203,-0.002894044508180936,0.5687501936603045,0.8224767572791583
map,811,382613384,81720.56838733604,50057.11487399123,41.1623870754268,-0.0068399528991527035,-0.0029010327926863666,0.5695900279939822,0.8218953698998965
map,811,400132998,81720.57695963145,50057.13889857844,41.16049213940465,-0.007120937994752286,-0.0030609987225408246,0.5711176885172166,0.8208315956343586
map,811,433466337,81720.59347335027,50057.18401661104,41.16049213940465,-0.00711247437670893,-0.0030806134689639634,0.5733778542399431,0.8192543919907259
map,811,443789636,81720.59863415665,50057.198766619964,41.16049213940465,-0.007110918109992415,-0.0030842040687161353,0.5737914116538211,0.8189647968265857
map,811,466799676,81720.60973473582,50057.22981007969,41.16049213940465,-0.007109825214379757,-0.0030867226188099734,0.5740814594828625,0.8187615039844766
map,811,483466345,81720.61779519013,50057.25261735425,41.16049213940465,-0.007108111270575267,-0.0030906674472715623,0.5745357089586824,0.8184428151436358
map,811,500133015,81720.62592713187,50057.27512758256,41.16049213940465,-0.007105311124446138,-0.0030970994380751207,0.5752762122879364,0.8179224915018176
map,811,533466354,81720.64221563713,50057.32049779157,41.16049213940465,-0.007096604356935871,-0.0031169981882609543,0.5775659828882885,0.8163072080651872
map,811,550133023,81720.6504614645,50057.3438744714,41.16049213940465,-0.007091419553825541,-0.0031287760891639442,0.5789204677512715,0.8153471742439196
map,811,564567669,81720.65783520453,50057.36487506007,41.16024275915049,-0.0073246054433524195,-0.003146803211425412,0.580042856554732,0.8145469491345938
map,811,589411544,81720.66713527493,50057.391688227326,41.16024275915049,-0.007318934835768007,-0.0031599696552351126,0.5815066844298643,0.8135025652989878
map,811,600133031,81720.67529860817,50057.41571717546,41.16203051068961,-0.006872635709792447,-0.002716561962241261,0.5828246112684802,0.8125643726310245
map,811,629981025,81720.689418814,50057.45737628518,41.16203051068961,-0.0068649779530243794,-0.002735856026676046,0.5851047518390436,0.8109240510336816
map,811,644723318,81720.69701749664,50057.480486559114,41.16203051068961,-0.006861051019270859,-0.0027456892404590766,0.5862660292558595,0.8100848906812628
map,811,661330230,81720.70513003164,50057.50544857486,41.16203051068961,-0.006860288281484563,-0.0027475944368003085,0.5864909658481864,0.8099220543657069
map,811,681489548,81720.7148468278,50057.535216510274,41.16203051068961,-0.006859437845803139,-0.002749716882476093,0.586741528131244,0.8097405549530777
map,811,700133047,81720.7237026192,50057.56223674838,41.16203051068961,-0.006858292397835147,-0.002752572593049467,0.587078615347566,0.8094961930553413
map,811,728134025,81720.73691572841,50057.6026746436,41.16203051068961,-0.006855698793393154,-0.0027590260144620027,0.5878402077966338,0.8089433090563987
map,811,742257184,81720.74341833594,50057.62279166976,41.16203051068961,-0.006852054359723416,-0.0027680645847967074,0.5889064925938976,0.8081673899324688
map,811,766211584,81720.75455754966,50057.657193333354,41.160930121368075,-0.006906048541012725,-0.0028501516459450934,0.5890997560759318,0.8080257796137583
map,811,783024085,81720.7626802652,50057.68217831129,41.160930121368075,-0.00690580180245891,-0.002850749431441279,0.5891696975880653,0.8079747833770137
map,811,800413335,81720.77064268182,50057.70673469901,41.160930121368075,-0.006904519033877682,-0.002853854895843219,0.589533009259996,0.8077097338289281
map,811,848098087,81720.78544324802,50057.75269231376,41.15726989505895,-0.007243740932022114,-0.0030290471099404174,0.5909912554502827,0.8066397517307303
map,811,848098087,81720.79253175556,50057.7747867146,41.15726989505895,-0.0072408957111038804,-0.0030358422859905663,0.5917478327918164,0.806084893467868
map,811,861698457,81720.79896916253,50057.795117563386,41.15726989505895,-0.007235482523281278,-0.003048721328652749,0.5931811765647789,0.8050307105074564
map,811,883300695,81720.8085610793,50057.825962218405,41.15726989505895,-0.007229143721613332,-0.003063721615413113,0.5948495848498198,0.8037986840589582
map,811,900133080,81720.81626706754,50057.85107954774,41.15473238413803,-0.00700360000161869,-0.0026729430853357997,0.5963099385417797,0.8027192922551314
map,811,934818386,81720.8311853381,50057.90051220859,41.15473238413803,-0.0069991999745780045,-0.002684443598957715,0.597627681503414,0.8017387100939645
map,811,959506522,81720.83872595394,50057.92600973093,41.15473238413803,-0.006995523570370239,-0.0026940095947327663,0.5987231683499319,0.8009209528057679
map,811,966799758,81720.84610548771,50057.95125068007,41.15473238413803,-0.006991310627236442,-0.0027049239238116406,0.5999724017672229,0.7999855761699396
map,811,983196618,81720.8532810485,50057.97607795951,41.15473238413803,-0.0069871704958121925,-0.0027156005196952993,0.6011937397775927,0.7990681399070496
map,812,133097,81720.86063728525,50058.00159883178,41.15473238413803,-0.006982328326449883,-0.002728026550782334,0.6026143480282704,0.7979973386626942
map,812,36239412,81720.87469676281,50058.05140216315,41.15586669780565,-0.006669891784138863,-0.002375417943583873,0.604568478872782,0.7965217035879384
map,812,52274061,81720.88158077683,50058.07660028012,41.15586669780565,-0.0066691790105440265,-0.002377418378018968,0.6048073572866609,0.7963403358521447
map,812,66799774,81720.88844596062,50058.10180740526,41.15586669780565,-0.006668705492446972,-0.002378746281937386,0.6049659106889457,0.7962198922643641
map,812,83466444,81720.89530992458,50058.12706412525,41.15586669780565,-0.006667233427583817,-0.0023828691195557274,0.6054581015949972,0.7958456867673299
map,812,100133113,81720.90215009364,50058.15233289761,41.15586669780565,-0.006665084439716378,-0.0023888734228238147,0.6061746852722449,0.7953000194066865
map,812,121730119,81720.91110520648,50058.184915935744,41.15586669780565,-0.006661792985534601,-0.0023980369131240092,0.6072677997313555,0.7944656627838735
map,812,140404790,81720.91873548384,50058.21293213558,41.15409324816569,-0.006973358256969337,-0.0026296993753370606,0.6084252570016664,0.7935761863855743
map,812,166080485,81720.92915718064,50058.251565004735,41.15409324816569,-0.006972348673633439,-0.0026323750032950476,0.6087297237784748,0.7933426626271887
map,812,182621140,81720.9360474163,50058.277179104334,41.15409324816569,-0.006971999212701047,-0.0026333004315471737,0.6088350201078725,0.7932618579296887
map,812,200133129,81720.94327341231,50058.30412402402,41.15409324816569,-0.0069710120490785715,-0.0026359125926881458,0.6091322055204876,0.7930336771875214
map,812,227716142,81720.95416878663,50058.344790925425,41.15409324816569,-0.006969649750306236,-0.0026395125577929673,0.6095417021633293,0.7927189730791401
map,812,250133138,81720.96329923389,50058.37864615915,41.15189436105607,-0.007208481359782202,-0.002751056356406164,0.6098834209843508,0.792453583684139
map,812,266799807,81720.9702620519,50058.40439445976,41.15189436105607,-0.007208376596117428,-0.0027513308486979086,0.6099135966597266,0.7924303591452097
map,812,285192143,81720.9771781041,50058.430007332645,41.15189436105607,-0.007206492732817503,-0.002756261432139331,0.6104555530025668,0.7920129337919551
map,812,300133146,81720.98388898566,50058.455419756974,41.15372148964689,-0.007210539052377169,-0.0025397197403641616,0.611424861163958,0.7912655667352454
map,812,335167162,81720.99684554007,50058.505256276054,41.15372148964689,-0.00720277825471769,-0.0025616469699819393,0.6138295574895082,0.7894015659361521
map,812,351375949,81721.0035232688,50058.53197489895,41.15372148964689,-0.0071981624611179365,-0.002574588698958386,0.6152473917835481,0.7882970283172173
map,812,362608603,81721.00854277395,50058.55235513171,41.15372148964689,-0.007194739493090759,-0.0025841388143851302,0.616292966280279,0.7874798649258719
map,812,382804336,81721.0162616831,50058.58397393889,41.15372148964689,-0.007189256971116042,-0.0025993526095378135,0.6179574031332591,0.7861744118597432
map,812,400030426,81721.02300400758,50058.61169987677,41.15372148964689,-0.007184395749025984,-0.002612758600948245,0.6194228220968678,0.7850203343963559
map,812,433466501,81721.03565769162,50058.66492603485,41.155992254312324,-0.006549021602171582,-0.002035060977845643,0.6220879179730444,0.7829173590838522
map,812,448253686,81721.04129747562,50058.68971594482,41.155992254312324,-0.006551297897993964,-0.002027721129988041,0.6212102217074026,0.7836139542460373
map,812,466799840,81721.04817182462,50058.719693249215,41.155992254312324,-0.00654826064352119,-0.0020375082021360227,0.6223804503958336,0.7826848304445092
map,812,480983208,81721.0534199541,50058.743448113484,41.155992254312324,-0.006545670357900389,-0.002045814433169417,0.6233729528026589,0.7818945776490361
map,812,500133179,81721.06053508955,50058.77520634583,41.155992254312324,-0.006541663213671385,-0.002058591637056432,0.6248984951370004,0.7806758864076584
map,812,527888329,81721.07092029351,50058.82145840779,41.155992254312324,-0.006537374942043364,-0.0020721693937522665,0.626518034349602,0.779376751948364
map,812,541290800,81721.07585986804,50058.84423531636,41.157512837806756,-0.006291072107326641,-0.0018777161028428512,0.6262250782538853,0.7796146791588091
map,812,579910901,81721.08517899194,50058.88658876432,41.157512837806756,-0.006290732537771328,-0.0018788534164973388,0.626366012254698,0.7795014530365707
map,812,597446085,81721.09134545698,50058.91509822474,41.157512837806756,-0.006290208551058605,-0.001880606925077066,0.6265832788908331,0.7793268192538931
map,812,600133195,81721.09744411646,50058.94339687665,41.157512837806756,-0.006289496495712647,-0.0018829869497362284,0.62687812441063,0.7790896698900508
map,812,633466534,81721.10924568359,50058.99782470748,41.15412356412471,-0.006683906467808149,-0.0022101230819214306,0.6274655099309662,0.7786125317494993
map,812,655325657,81721.11530963356,50059.026050518594,41.15412356412471,-0.006681115027338912,-0.002218547204617398,0.6284465473606017,0.7778209163173946
map,812,663034482,81721.12013875619,50059.048663365764,41.15412356412471,-0.006678618932238046,-0.0022260500590959385,0.6293198023654117,0.7771145521099523
map,812,683466542,81721.1273100709,50059.08279008063,41.15412356412471,-0.0066755416711430544,-0.00223526130563791,0.6303912574856568,0.776245646194518
map,812,716799881,81721.1331644936,50059.11103657149,41.15412356412471,-0.006674089931330996,-0.002239592216488465,0.6308947866783946,0.7758364575684205
map,812,732470472,81721.1443982771,50059.16497639258,41.15412356412471,-0.0066707337357024225,-0.0022495690998524795,0.6320541455296373,0.7748922491992629
map,812,744307004,81721.14829561496,50059.185191837765,41.156129643060616,-0.006616945456131266,-0.00201684150450896,0.6331597143695871,0.7739902612324003
map,812,766111846,81721.15554209898,50059.22170344675,41.156129643060616,-0.006616178697032099,-0.0020193554101902945,0.6334537395816564,0.7737496418048873
map,812,782871893,81721.16114507198,50059.25037053993,41.156129643060616,-0.006615773667648292,-0.0020206819646291794,0.633608869639399,0.7736226138741419
map,812,800146965,81721.16666067812,50059.2792959464,41.15616547948792,-0.0066008334466077885,-0.0018620838829296652,0.6340544544012415,0.7732579844368674
map,812,846064341,81721.17702392301,50059.33221202338,41.15616547948792,-0.006599098807355597,-0.001868222017769944,0.6347733294484104,0.7726679635279327
map,812,846064341,81721.18113918757,50059.35338449264,41.15616547948792,-0.006598375797168403,-0.0018707740152847704,0.6350721037912376,0.7724224133384495
map,812,866799905,81721.1875836284,50059.38678771996,41.15616547948792,-0.006595065923203608,-0.0018824091068418182,0.6364334895999867,0.7713010922830373
map,812,883466575,81721.19280984203,50059.41431997894,41.15616547948792,-0.006592177797996119,-0.0018924984693598859,0.6376129656410122,0.7703263384357932
map,812,900530475,81721.19800610529,50059.441638042415,41.15616547948792,-0.0065889728405853385,-0.0019036269285107451,0.6389127836416764,0.7692486051600403
map,812,933466583,81721.20810100989,50059.49663827353,41.154937666018014,-0.006308105071956683,-0.0015092782847473591,0.6415515816694893,0.7670524740503986
map,812,955212519,81721.21309237744,50059.52565568165,41.154937666018014,-0.00630527489517204,-0.00152105852483354,0.6429832353604893,0.7658527854195075
map,812,980864061,81721.21790759315,50059.554078378234,41.154937666018014,-0.006304639019687284,-0.0015236920197638773,0.6433030655703832,0.7655841532563274
map,812,980864061,81721.22195904232,50059.57857711338,41.154937666018014,-0.006303474359981831,-0.0015285030365384342,0.6438871429157534,0.7650929859025297
map,813,133261,81721.22743373014,50059.61115163895,41.154937666018014,-0.006301345745024145,-0.0015372548068949645,0.644948959306133,0.7641981220726706
map,813,21462421,81721.23362765659,50059.647506837595,41.154937666018014,-0.006298770949034406,-0.001547771000909296,0.6462236759847908,0.7631204953912353
map,813,43771310,81721.23998050358,50059.685535800716,41.154937666018014,-0.006295644062900212,-0.0015604410828111647,0.6477577770118019,0.7618187397341898
map,813,60593522,81721.24462733217,50059.71503821179,41.15300207067094,-0.006085138164878729,-0.0014488857571519614,0.6479577222330875,0.761650616767351
map,813,82744650,81721.25062928152,50059.75280036381,41.15300207067094,-0.006084708319577517,-0.001450689866444802,0.6481835143384653,0.7614584713320968
map,813,100133277,81721.2553027696,50059.78275679246,41.15300207067094,-0.0060840887619334405,-0.0014532860557566435,0.64850836669944,0.7611818246282563
map,813,133466616,81721.2641055588,50059.838497533536,41.15106905012336,-0.006248820741939911,-0.0016989559361367352,0.648629383041432,0.7610768615871549
map,813,152493315,81721.26870370195,50059.868562767595,41.15106905012336,-0.006247571634833257,-0.0017035435437521475,0.6491880129281105,0.7606004139221287
map,813,166158306,81721.27314308399,50059.89680847296,41.15106905012336,-0.006246099592945375,-0.001708932945682869,0.6498439724536607,0.7600400497695553
map,813,182952221,81721.27773442456,50059.92632749255,41.15106905012336,-0.006244582508448348,-0.0017144682070582844,0.6505173424796176,0.7594637930285539
map,813,200133293,81721.28238757045,50059.956730043516,41.15106905012336,-0.006241637537768263,-0.0017251587709410541,0.6518168768367566,0.7583487488344914
map,813,233466632,81721.29107839386,50060.01453187021,41.149414148022196,-0.00635606270262035,-0.0018565079044791399,0.6538821644069372,0.7565674252277979
map,813,242487070,81721.29365374138,50060.03241979367,41.149414148022196,-0.006355175676035107,-0.0018595420957232358,0.6542432773801191,0.7562551737662635
map,813,264371787,81721.2991214665,50060.070415199705,41.149414148022196,-0.0063545019514820306,-0.0018618430727765697,0.6545170613824923,0.7560182340423726
map,813,283568472,81721.30383348804,50060.10345260418,41.149414148022196,-0.006353410831386262,-0.0018655630481596605,0.654959566189363,0.7556349121780718
map,813,300133310,81721.30791866081,50060.132688681624,41.149414148022196,-0.00635162203138912,-0.0018716442635841298,0.6556826294441515,0.755007578300062
map,813,321850414,81721.3133278563,50060.1703608099,41.15012897134548,-0.006333734814156238,-0.0018302461884235743,0.6562358847641531,0.7545270025320517
map,813,345757008,81721.3192311441,50060.21200463666,41.15012897134548,-0.00633336294530836,-0.0018315325848285626,0.6563891219305521,0.7543937000091081
map,813,360622147,81721.3229216196,50060.238057089904,41.15012897134548,-0.006331175281646498,-0.0018390805744616426,0.6572878836381604,0.7536107563090256
map,813,382733653,81721.32815932111,50060.275660820735,41.15012897134548,-0.0063279969406876465,-0.0018499871688586285,0.658585463654904,0.7524770568360529
map,813,400063646,81721.33226020276,50060.305880934364,41.15012897134548,-0.006325743897095587,-0.0018576764935401722,0.6594994954887725,0.7516760934420145
map,813,433466665,81721.33970613824,50060.36284485466,41.15053697734603,-0.006129857311080171,-0.0015457721219754817,0.6611661201264364,0.750212901138635
map,813,445761404,81721.34246355257,50060.38538681405,41.15053697734603,-0.006131020128701845,-0.0015411535578041613,0.6606007354335759,0.7507107990314986
map,813,466800004,81721.34704483487,50060.42176863209,41.15053697734603,-0.006128467493786942,-0.0015512731174349668,0.6618391786136795,0.7496191947181333
map,813,483466673,81721.35064353734,50060.45164103957,41.15053697734603,-0.006125734725770997,-0.0015620295057273861,0.6631541463159961,0.7484561534664507
map,813,500133343,81721.3541707828,50060.481659754834,41.15053697734603,-0.006123059195200334,-0.0015724847215004174,0.6644309000549009,0.7473229653169551
map,813,528540869,81721.36015562709,50060.53237073431,41.15053697734603,-0.006119298348384953,-0.0015870569714830011,0.6662081127681226,0.745739087026977
map,813,550133351,81721.36462199735,50060.57167615501,41.14977745151808,-0.005703176709337445,-0.0011760109510949484,0.666159594273588,0.7457864880318722
map,813,588155209,81721.37141380903,50060.63185939522,41.14977745151808,-0.005699743279309097,-0.0011925405171293352,0.6683189603349,0.7438520404156619
map,813,600133359,81721.37466721793,50060.66376859726,41.14977745151808,-0.005697702457050492,-0.0012022533202054827,0.6695857970496962,0.7427118897412295
map,813,620066391,81721.37849398119,50060.70177414503,41.14977745151808,-0.005695267321652129,-0.0012137365735388032,0.6710816300655871,0.7413605981991354
map,813,643832534,81721.3829032031,50060.74691113013,41.14753156700663,-0.0052701264430918306,-0.0010398169691921166,0.6728578257847846,0.7397523172171324
map,813,661387755,81721.38615753538,50060.78137373336,41.14753156700663,-0.005268268855697032,-0.0010491879334458233,0.6741723675186915,0.7385545094454348
map,813,683466706,81721.39015731085,50060.825297565425,41.14753156700663,-0.0052665132912039685,-0.0010579649375889442,0.6754020771613133,0.737430117851263
map,813,700133375,81721.39305940414,50060.85945301659,41.14753156700663,-0.005265752012392265,-0.0010617475215805561,0.675931587839971,0.7369447965133343
map,813,729293211,81721.39805178472,50060.9160333086,41.14349988730715,-0.005110998159763494,-0.0012201996846540704,0.6766733381923099,0.736264614245596
map,813,745201084,81721.40073494948,50060.94815226546,41.14349988730715,-0.005110765788839709,-0.001221172596794308,0.6768134819321353,0.736135788754656
map,813,766157527,81721.40426540555,50060.99013229175,41.14349988730715,-0.005110661129430508,-0.0012216105269945102,0.6768765579383323,0.7360777908102484
map,813,782786368,81721.40707498994,50061.02416456242,41.14349988730715,-0.005110570498603318,-0.0012219896228451155,0.6769311569394892,0.7360275793576657
map,813,800133392,81721.40976686271,50061.05885479724,41.14100952979377,-0.005490474010439697,-0.0016645841879122782,0.6773441025678469,0.7356439699822055
map,813,847307255,81721.41507212768,50061.12499366963,41.14100952979377,-0.005487095575293345,-0.0016756871801018062,0.6788308131498778,0.7342723002898159
map,813,847307255,81721.41723790398,50061.153666196355,41.14100952979377,-0.005485459506191832,-0.0016810352119723732,0.6795462602336136,0.7336102262490155
map,813,865841033,81721.419920155,50061.1902169625,41.14100952979377,-0.005484824264526413,-0.0016831067004868228,0.6798232629672628,0.7333535402404258
map,813,882926829,81721.42240134563,50061.224454714065,41.14100952979377,-0.005483806711720296,-0.0016864190838735125,0.6802660653264982,0.7329428110158571
map,813,900133408,81721.42489285591,50061.25820737641,41.14100952979377,-0.005481307425541752,-0.001694524796119016,0.6813489440033661,0.7319362679633519
map,813,932275202,81721.42942668678,50061.32145681098,41.14100952979377,-0.005478316726367543,-0.001704168777898173,0.6826360305600181,0.7307360218545982
map,813,954350595,81721.4318036495,50061.35732327578,41.14193921614496,-0.005509262373799089,-0.0015493032380584247,0.6819197787714827,0.7314045822988979
map,813,964860189,81721.43377025856,50061.38771653754,41.14193921614496,-0.005509143619985335,-0.001549725459941715,0.6819758311599763,0.7313523182442458
map,813,983267160,81721.43617428922,50061.4242224488,41.14193921614496,-0.005509053749494156,-0.0015500449064466053,0.6820182376658125,0.7313127724707074
map,814,133424,81721.43832034121,50061.45806576478,41.14193921614496,-0.005505680291781603,-0.0015619849395894772,0.6836021272183936,0.7298324323775016
map,814,37205392,81721.4421417743,50061.52279790549,41.13910631132916,-0.0053214380443457705,-0.001279851634214795,0.6848415614240448,0.7286714486126178
map,814,61852251,81721.44407388604,50061.55699600599,41.13910631132916,-0.005319744115259946,-0.001286874358113488,0.6858027482657865,0.7277668821456695
map,814,61852251,81721.44536610485,50061.582032411105,41.13910631132916,-0.005318175295614857,-0.0012933424103943468,0.6866872323961023,0.7269323827847511
map,814,83401234,81721.44756621982,50061.62518940886,41.13910631132916,-0.005315362722996252,-0.0013048533206436244,0.6882594442073516,0.7254439893860326
map,814,100133441,81721.4491654284,50061.66028864788,41.13910631132916,-0.005312785608255191,-0.0013153068638646057,0.6896851631531772,0.7240886824162562
map,814,135272754,81721.4522779042,50061.72950346803,41.13639187054811,-0.004621679414682098,-0.0007862650033653752,0.6923821447966063,0.7215157568851726
map,814,150720608,81721.45342680457,50061.765240676905,41.13639187054811,-0.004621171330753373,-0.0007892457155008901,0.6928473616564694,0.721069036439925
map,814,166044335,81721.45445138436,50061.79904678603,41.13639187054811,-0.004620899101815302,-0.0007908380102498581,0.6930957831208907,0.7208302555295328
map,814,183466788,81721.45556612466,50061.835839333464,41.13639187054811,-0.004620267849453897,-0.0007945176315954712,0.6936695995025949,0.7202780772678299
map,814,200133457,81721.4564811938,50061.87094276097,41.13273999388021,-0.004476966105247318,-0.0010149676977518757,0.6944584185473852,0.7195181940185595
map,814,230018026,81721.45859120825,50061.932927363036,41.13273999388021,-0.004475091583257982,-0.001023200985372205,0.6957807372457642,0.7182395786176126
map,814,249370243,81721.45976831928,50061.97302933334,41.13273999388021,-0.0044736472079846415,-0.0010294977384648822,0.696790821988653,0.7172596998350332
map,814,266343495,81721.46074909542,50062.00926158166,41.13273999388021,-0.00447347141106909,-0.0010302613597338358,0.6969132456132864,0.717140749576971
map,814,282693479,81721.46167299112,50062.04414876545,41.13273999388021,-0.004473283973971027,-0.0010310748873030792,0.6970436531604769,0.7170139972160665
map,814,308478320,81721.46270605037,50062.080891957834,41.13273999388021,-0.0044728268059243395,-0.0010330562904400469,0.6973611962480363,0.7167051615431359
map,814,333466812,81721.4646140631,50062.15067628648,41.13273999388021,-0.004471995905898238,-0.0010366472652944593,0.6979364260868955,0.7161450074922789
map,814,350133482,81721.46551383595,50062.18569092482,41.13273999388021,-0.004471117640905853,-0.0010404287463318012,0.6985418018996125,0.7155545245569392
map,814,366800151,81721.46639029468,50062.22133972907,41.12965325889534,-0.004713116148958714,-0.0015014663414518452,0.6992081160952652,0.7149010718424628
map,814,380672409,81721.4671054774,50062.25158345015,41.12965325889534,-0.0047119553852365634,-0.001505105131088309,0.699759919215989,0.7143609644947183
map,814,400133490,81721.46770388102,50062.293503542474,41.130267631891975,-0.0045736291301040274,-0.001436878959968238,0.7011076063119709,0.7130393689460163
map,814,428567869,81721.46842626014,50062.35327639872,41.130267631891975,-0.004569897194810317,-0.0014487043156560008,0.7029496106306811,0.711223496665857
map,814,442826973,81721.46857501823,50062.38651559769,41.130267631891975,-0.004567315317606977,-0.0014568237212814086,0.7042124981323402,0.7099730803133618
map,814,466800168,81721.46886190292,50062.438408548296,41.130267631891975,-0.004566563262409362,-0.0014591794049220608,0.704578617301477,0.7096097443926299
map,814,483062400,81721.46889463063,50062.47467286386,41.130267631891975,-0.004566232052203973,-0.0014602155357208834,0.7047396119701999,0.7094498548985171
map,814,500053804,81721.46908056323,50062.51157755502,41.130267631891975,-0.0045630152331575975,-0.0014702369017635377,0.70629546762879,0.7079009321243074
map,814,533466845,81721.4691393852,50062.583914249655,41.12891877787693,-0.004190643798510202,-0.0012547038984485255,0.7083975834033182,0.7058000623767472
map,814,554379040,81721.46884129106,50062.621773884544,41.12891877787693,-0.0041891219848136695,-0.0012597755018751305,0.70925139302411,0.7049420725960687
map,814,562559093,81721.46851183045,50062.65090983308,41.12891877787693,-0.004187467037172847,-0.0012652656366806164,0.7101748412747727,0.7040117605857396
map,814,582814302,81721.46797105878,50062.69593789406,41.12891877787693,-0.004184839392766216,-0.001273929580285359,0.7116303886735919,0.7025404288287999
map,814,600068983,81721.46728623274,50062.73607095475,41.12891877787693,-0.004182357765916349,-0.0012820533673186779,0.7129932513833958,0.7011572489138334
map,814,637705828,81721.46595996227,50062.81182187165,41.12626959279634,-0.003660237500313498,-0.0010218699834577628,0.7147181819993874,0.6994022295951514
map,814,650731798,81721.46492129819,50062.85115312637,41.12626959279634,-0.003659536648603178,-0.0010243770493931425,0.7151971130554401,0.698912475150031
map,814,666800200,81721.46379483133,50062.8903641716,41.12626959279634,-0.0036584014160888755,-0.0010284239887089805,0.7159696954021348,0.6981210165214572
map,814,683466870,81721.46256910553,50062.930083083804,41.12626959279634,-0.0036569943139004952,-0.0010334163777938788,0.7169218929049945,0.6971431401919537
map,814,700133539,81721.46117562136,50062.96985305013,41.12370558283442,-0.0035261644916150187,-0.0012195222811036506,0.7179887328221233,0.6960447244752781
map,814,720125207,81721.45964929789,50063.017146026534,41.12370558283442,-0.003524589339146068,-0.0012240672393348075,0.718885484989384,0.6951185067317385
map,814,749541781,81721.45730683199,50063.08636780186,41.12370558283442,-0.0035232810145089293,-0.0012278279638596702,0.719626902111015,0.6943509204195583
map,814,766250743,81721.4557362784,50063.12733936321,41.12370558283442,-0.003521628529667472,-0.0012325595787088645,0.7205589545966412,0.6933836397550632
map,814,782788210,81721.45407868862,50063.16785261564,41.12370558283442,-0.0035199941773881487,-0.0012372193044033807,0.7214760029585825,0.692429387074445
map,814,807795611,81721.45156548865,50063.22890898046,41.12370558283442,-0.003517366286889847,-0.0012446706471535296,0.7229407085760013,0.6909000005883725
map,814,833466894,81721.44861016687,50063.292620944914,41.12142227599388,-0.003537721266875183,-0.001434582912236097,0.7240603574591299,0.6897260508754638
map,814,850912826,81721.44642067136,50063.335467862606,41.12142227599388,-0.003535924058609738,-0.0014390069304647524,0.724922531317071,0.6888198241114698
map,814,865535355,81721.44429460766,50063.37493549846,41.12142227599388,-0.0035341195983556034,-0.0014434329075851003,0.725784390496847,0.6879116549464953
map,814,883402219,81721.4417514525,50063.420369950014,41.12142227599388,-0.0035320374576330365,-0.0014485203802701238,0.7267741990911476,0.6868658457337405
map,814,900133572,81721.43906415721,50063.464241824855,41.118997013912484,-0.003419701365248549,-0.0015351736617545393,0.7277678602180627,0.6858133058770608
map,814,944358193,81721.43383204914,50063.55096937373,41.118997013912484,-0.0034176943164270046,-0.0015396366969808752,0.7286625539437329,0.6848626368583682
map,814,944358193,81721.43182272988,50063.581482968824,41.118997013912484,-0.0034176373601818326,-0.001539763122534434,0.7286878877353242,0.6848356818626147
map,814,965944192,81721.42811195338,50063.63871269128,41.118997013912484,-0.00341452400743633,-0.0015466549071685562,0.7300680276917061,0.6833641955990547
map,814,982920041,81721.42495868412,50063.684237135756,41.118997013912484,-0.0034124504637025616,-0.0015512244943926728,0.7309821831236331,0.6823862519425551
map,815,133588,81721.4216756226,50063.73100662029,41.11853262109546,-0.0033300521525609166,-0.0015012578242794613,0.7320672080696564,0.6812226213556803
map,815,32173602,81721.41537654921,50063.817699474734,41.11853262109546,-0.0033258579120821136,-0.0015105269088555482,0.7339617193000598,0.6791810153263315
map,815,55985006,81721.41137753279,50063.86804757713,41.11853262109546,-0.0033236977498217997,-0.0015152741209317213,0.7349307245595094,0.6781323521821097
map,815,66564773,81721.40760834854,50063.9137603971,41.11853262109546,-0.003323195928872839,-0.001516374364086548,0.7351551832761043,0.677889012656116
map,815,82854384,81721.40385006554,50063.95894624825,41.11853262109546,-0.0033226716951415504,-0.001517522718130135,0.7353894072285593,0.6776349140308773
map,815,100133605,81721.39986061768,50064.00705052396,41.11853262109546,-0.0033201177335647584,-0.0015231023041820612,0.7365267225835488,0.6763985836013722
map,815,135083604,81721.39185641122,50064.09958871156,41.1148233629901,-0.0033513997670871734,-0.0015720567757948859,0.7374111450185973,0.6754340085896299
map,815,150133613,81721.38762555641,50064.14657832257,41.1148233629901,-0.0033512866753604813,-0.0015722978485979886,0.7374597292324571,0.6753809625074472
map,815,161084007,81721.38464557454,50064.17900498644,41.1148233629901,-0.003351146015611454,-0.0015725976240621902,0.7375201409553988,0.6753149920164836
map,815,182954908,81721.3791902376,50064.23955511473,41.1148233629901,-0.003350969345467323,-0.0015729740464778404,0.7375959940536295,0.6752321425355378
map,815,200133621,81721.37470623698,50064.28857919851,41.1148233629901,-0.003349321370496372,-0.0015764800228010726,0.7383022303100873,0.6744598679508258
map,815,233466960,81721.36629422134,50064.38239717463,41.116685207819835,-0.0036119464061064796,-0.0016358429064975764,0.7392812829813273,0.6733850774219958
map,815,250133629,81721.36191347575,50064.43115663058,41.116685207819835,-0.003611632464544419,-0.0016365359135603345,0.739410474194614,0.6732432164622535
map,815,266800299,81721.35749051879,50064.47962061421,41.116685207819835,-0.003609634987850968,-0.001640936960948255,0.7402305493235064,0.6723414398275362
map,815,283466968,81721.35289000282,50064.528676763846,41.116685207819835,-0.0036074297336864533,-0.0016457793205162223,0.7411321104526221,0.6713475051843025
map,815,300133638,81721.34813526872,50064.57793672366,41.116685207819835,-0.0036050291707072314,-0.0016510310516988722,0.7421090035462623,0.6702674874382005
map,815,330669994,81721.33905561085,50064.66705583778,41.116685207819835,-0.0036012767910869907,-0.0016591999063711828,0.7436266850853209,0.6685833015340434
map,815,349417567,81721.33289750492,50064.723235372054,41.11546017377698,-0.0034558704037878363,-0.001323441841209381,0.7434433382700327,0.668788687287214
map,815,366187534,81721.3272721624,50064.77332601356,41.11546017377698,-0.003453989494117689,-0.00132834300139874,0.744391332698421,0.6677333668949859
map,815,382707925,81721.32160235205,50064.822633012605,41.11546017377698,-0.0034521501445750973,-0.0013331158742399382,0.7453135699186935,0.6667038232652474
map,815,400133654,81721.31549068342,50064.87492288257,41.11546017377698,-0.0034507659700507504,-0.0013366947201137911,0.746004479859116,0.6659306431540561
map,815,433466993,81721.30422821481,50064.97241619845,41.11546017377698,-0.003448227501404175,-0.001343229560946415,0.747264701129386,0.664516193863968
map,815,450133662,81721.29819459029,50065.02375673818,41.11546017377698,-0.0034466431525239215,-0.0013472896993595492,0.7480468014222441,0.6636356593368044
map,815,466800332,81721.29207324593,50065.074767226724,41.11546017377698,-0.003444964612002579,-0.0013515758864711615,0.7488717094817944,0.6627046613682902
map,815,483207075,81721.28571594601,50065.12554289879,41.114389358574755,-0.0033908632448663993,-0.001286235924567995,0.7497010789083208,0.661766680883301
map,815,500133670,81721.27868853207,50065.17862580703,41.109996637677234,-0.0031437881307743555,-0.0012295142826953464,0.7506014436761969,0.6607466062281565
map,815,533467009,81721.26556367696,50065.27929275095,41.109996637677234,-0.003141302500484034,-0.0012358510359271957,0.751932272048831,0.6592317218871526
map,815,550133679,81721.2580416879,50065.33428658891,41.109996637677234,-0.0031425335869697062,-0.0012327172576535462,0.7512743743421911,0.6599813780309007
map,815,566800348,81721.25053315629,50065.3887965118,41.109996637677234,-0.003141320620388628,-0.0012358049775230621,0.7519226062088229,0.659242746765521
map,815,583467017,81721.24317480957,50065.44255340934,41.109996637677234,-0.0031400388206741943,-0.0012390582662686134,0.7526050825066638,0.6584635105121278
map,815,600133687,81721.2360170062,50065.49596225849,41.109996637677234,-0.0031386805812948356,-0.001242494825402619,0.7533254308321453,0.6576392629340041
map,815,633467026,81721.2210083819,50065.603696150814,41.10583950205216,-0.0029639366722229265,-0.001482512704857501,0.7548305800720517,0.655911436570192
map,815,650133695,81721.21270457967,50065.660189504335,41.10583950205216,-0.0029621498623079237,-0.0014860796446492935,0.7556196253054348,0.65500228937673
map,815,678691008,81721.2043204221,50065.71629958664,41.10583950205216,-0.002960364022453288,-0.001489633972348916,0.7564052647093682,0.6540948652568936
map,815,695403590,81721.19572804171,50065.77295036802,41.10583950205216,-0.0029585691859118544,-0.0014931955294550975,0.7571918842778254,0.6531840993313291
map,815,700133703,81721.18698678425,50065.82970642814,41.10583950205216,-0.00295676412267922,-0.0014967666617909442,0.757979996609625,0.6522693783822416
map,815,728529598,81721.17232489746,50065.92514416322,41.10239863885678,-0.002595209277627404,-0.0017208451475029824,0.7592823334792945,0.6507539025215453
map,815,751014537,81721.16066697252,50065.998734406785,41.10239863885678,-0.00259289944319465,-0.0017243235467419645,0.7601542543473007,0.6497351869634912
map,815,762031361,81721.1535819599,50066.041342592325,41.10239863885678,-0.002592480950481522,-0.0017249526769619909,0.7603118937028801,0.6495507123194646
map,815,781692565,81721.14283130746,50066.10771111077,41.10239863885678,-0.0025919631967274773,-0.0017257305708534543,0.760506781626587,0.6493225228503585
map,815,800133720,81721.13261167354,50066.17059009122,41.10239863885678,-0.002591990667500185,-0.0017256893103800163,0.7604964452674451,0.6493346289213008
map,815,832676312,81721.1147122951,50066.28171402393,41.09873965338628,-0.0025739138972932394,-0.002206813547380423,0.7606045244947784,0.6492066406463265
map,815,855563609,81721.1047654864,50066.34263016031,41.09873965338628,-0.002572463590292918,-0.002208503986910213,0.7610308523800334,0.6487068264377495
map,815,866800397,81721.09518682802,50066.4010136746,41.09873965338628,-0.0025709025034298194,-0.0022103210403557495,0.7614890139328893,0.6481689491179999
map,815,883467067,81721.08548542432,50066.45967612702,41.09873965338628,-0.002569670822791452,-0.002211752844708318,0.7618499648655678,0.6477446533747303
map,815,900133736,81721.07570073717,50066.5184494715,41.09873965338628,-0.002568700835253196,-0.0022128793013968407,0.7621338945515818,0.6474105588549317
map,815,930379775,81721.0584095003,50066.62397774492,41.09873965338628,-0.0025669841193881123,-0.0022148704960765256,0.7626356900841078,0.6468193790782346
map,815,949488298,81721.04707114057,50066.69091233695,41.095027843246264,-0.0025976979958904607,-0.0024583480261997897,0.7628931002215241,0.6465147532148788
map,815,966800414,81721.03655139716,50066.75245896348,41.095027843246264,-0.0025944560850459236,-0.0024617691846600684,0.763744426543832,0.6455088375950693
map,815,992041621,81721.0261489871,50066.81244155009,41.095027843246264,-0.0025917123566520815,-0.002464657573812361,0.7644629730239971,0.6446577164398296
map,816,133752,81721.01549991575,50066.87189398592,41.09542930571452,-0.0022910013616696313,-0.0023917097061829143,0.7651410359360502,0.6438541963551608
map,816,34752672,81720.99492591873,50066.98777735085,41.09542930571452,-0.002288399654555238,-0.0023941991518779586,0.7658406052058533,0.6430219268853702
map,816,50362762,81720.98391317677,50067.04915335718,41.09542930571452,-0.002286012175152381,-0.0023964788530001155,0.7664811366750074,0.6422582799457167
map,816,60112789,81720.97651914644,50067.08937588736,41.09542930571452,-0.0022841367080366653,-0.002398266469102442,0.7669833413744863,0.6416584645210178
map,816,82958065,81720.9617737735,50067.17071063367,41.09542930571452,-0.0022803513808127233,-0.0024018659700006523,0.7679943952492173,0.6404479993748368
map,816,100782730,81720.94969662432,50067.233929611786,41.09616942882621,-0.001727158766312928,-0.0023332316773169116,0.7688386807096451,0.6394362016629872
map,816,133467108,81720.92644452314,50067.35666869572,41.09616942882621,-0.0017244407631268135,-0.002335241212070672,0.7695827237622178,0.6385405267007428
map,816,147709363,81720.91569564797,50067.41072819854,41.09616942882621,-0.0017234690502488206,-0.0023359584535948227,0.7698483182598758,0.6382202909849993
map,816,160626793,81720.90560714442,50067.46097910755,41.09616942882621,-0.0017217924209216118,-0.0023371945411847046,0.7703060801292011,0.6376677158744362
map,816,182844718,81720.88965021308,50067.542614710015,41.09616942882621,-0.0017196029766991601,-0.002338805906144004,0.7709028926899879,0.6369460754214167
map,816,200133785,81720.8770349772,50067.60827552892,41.09616942882621,-0.0017172555726976757,-0.002340530017351938,0.7715415566425528,0.6361723031743228
map,816,233141400,81720.85216308193,50067.733428872554,41.09578039823339,-0.0013031323957988206,-0.0027553694079786497,0.7727420816923926,0.6347128366175464
map,816,256042322,81720.83837058017,50067.800256606926,41.09578039823339,-0.0013011926985760857,-0.0027562859388273325,0.7731886346784124,0.6341687827302106
map,816,266800463,81720.82483181392,50067.86528850626,41.09578039823339,-0.0013005039783748258,-0.002756610965957336,0.7733470625708357,0.6339755757112764
map,816,283210053,81720.8114981345,50067.92917488109,41.09578039823339,-0.0012997981824123608,-0.002756943833378277,0.7735093489863792,0.6337775609912772
map,816,300133801,81720.7974564194,50067.99631477339,41.09578039823339,-0.001297423011285597,-0.0027580623896481383,0.7740549652855025,0.6331110649027105
map,816,333467140,81720.77096758407,50068.125862348556,41.09165021092657,-0.001159524546073678,-0.0033679909531276592,0.7747403937551881,0.6322694318277791
map,816,350133810,81720.7572886123,50068.19182740946,41.09165021092657,-0.0011601818077236303,-0.00336776460078852,0.7746169878120491,0.6324206150440973
map,816,366800479,81720.74363576964,50068.257469939475,41.09165021092657,-0.0011599050103167248,-0.0033678599436941094,0.7746689632669469,0.6323569478472426
map,816,383467148,81720.72991660831,50068.32338876263,41.09165021092657,-0.0011590749534788418,-0.0033681457043179043,0.7748247864626957,0.632166008594898
map,816,400133818,81720.71615563585,50068.38937778699,41.09165021092657,-0.0011577940865398553,-0.003368586214789592,0.7750651201511961,0.631871325243343
map,816,421435523,81720.69901210873,50068.47274393713,41.09165021092657,-0.0011568186312929196,-0.0033689213240428615,0.7752480521104068,0.6316468711541179
map,816,440535014,81720.68342223384,50068.54736004184,41.09110113476151,-0.0013202038860172366,-0.0037988408859125776,0.7753020689789223,0.6315778081175946
map,816,466298777,81720.66252905497,50068.647578816606,41.09110113476151,-0.0013201176535345123,-0.0037988708530249616,0.7753164053384703,0.6315602089133351
map,816,490829143,81720.64808348443,50068.71670221579,41.09110113476151,-0.0013195475031449778,-0.003799068933841544,0.7754111813266826,0.6314438421135972
map,816,500133834,81720.63377314399,50068.78327112701,41.09524072056126,-0.001548807902574607,-0.0037796890655728823,0.7755533424005909,0.6312688240646137
map,816,531306810,81720.60804731704,50068.90464785499,41.09524072056126,-0.0015464784705031126,-0.0037806427617217576,0.7759421986315135,0.6307907890319432
map,816,545392981,81720.5955328088,50068.96264158979,41.09524072056126,-0.0015415505964049211,-0.0037826547701597605,0.7767635242223212,0.6297791220597645
map,816,566184398,81720.57738816003,50069.04687701136,41.09524072056126,-0.0015375118278241205,-0.00378429818206622,0.7774353552744885,0.6289495874184818
map,816,582760595,81720.56249788562,50069.11515365383,41.09524072056126,-0.0015342240870750896,-0.003785632285646266,0.7779813874191033,0.6282740452812734
map,816,600133851,81720.54710571005,50069.18665775261,41.09524072056126,-0.0015312228941820984,-0.003786847211047914,0.7784791493283624,0.6276571749017436
map,816,633467189,81720.51648153292,50069.32444965344,41.09814823279241,-0.001330919239350972,-0.0034853825778506345,0.7791666870845554,0.6268056752295266
map,816,650133859,81720.50006908023,50069.39588302193,41.09814823279241,-0.001328968850396,-0.0034861267232182535,0.7795172825047707,0.6263696089679334
map,816,666800528,81720.48369860396,50069.46677507864,41.09814823279241,-0.001326828716936005,-0.0034869418250916173,0.7799016190151533,0.625891001229293
map,816,681523196,81720.46879905756,50069.53048656499,41.09814823279241,-0.0013248641033762965,-0.0034876887537801057,0.7802540971127331,0.6254515366525674
map,816,700133867,81720.4501596562,50069.60982167962,41.09722629535978,-0.0011990854106312882,-0.003573653389567928,0.7806695324667374,0.6249326941949789
map,816,727419540,81720.42372677143,50069.72641939653,41.09722629535978,-0.0011965160078260876,-0.00357451448644079,0.781118593718606,0.6243713107940634
map,816,743540595,81720.40770335858,50069.79632756253,41.09722629535978,-0.0011968971848607282,-0.0035743868704480788,0.7810520067375188,0.624454605209157
map,816,766259150,81720.3853186483,50069.89433458468,41.09722629535978,-0.001195590840760219,-0.003574824039340876,0.7812801623013991,0.6241691270720853
map,816,782828829,81720.36860216342,50069.96693392514,41.09722629535978,-0.0011945819183104874,-0.0035751613126130096,0.7814562821037235,0.6239486119515412
map,816,800690823,81720.35110928274,50070.04421336424,41.08825146592325,-0.0012985711398675595,-0.004199729601922393,0.7815000360164741,0.6238897095565171
map,816,845730291,81720.31866257616,50070.187189182994,41.08825146592325,-0.0012963349857775925,-0.004200420376487235,0.781832089187989,0.623473544186287
map,816,845730291,81720.30581033429,50070.24370802162,41.08825146592325,-0.0012953402006869925,-0.0042007272583499565,0.7819797190380904,0.6232883722622898
map,816,863795690,81720.28774985867,50070.32285972851,41.08825146592325,-0.001294923975167618,-0.004200855583461094,0.7820414722591221,0.6232108885851164
map,816,882806564,81720.26874156632,50070.40602033901,41.08825146592325,-0.0012941797190894895,-0.004201084930021959,0.782151869834428,0.6230723300699315
map,816,900133900,81720.25118053233,50070.48250921348,41.08825146592325,-0.0012924605244901426,-0.0042016141573441535,0.7824067658883682,0.6227522209325067
map,816,933467239,81720.21708071062,50070.63043302594,41.08500599561422,-0.0014023802805310202,-0.004646867986694731,0.7828376325557491,0.6222071045897604
map,816,950133908,81720.1992521322,50070.707232569046,41.08500599561422,-0.0014003226277099802,-0.004647488469626797,0.7831130533521876,0.6218604229381999
map,816,964912866,81720.1831799187,50070.776231313306,41.08500599561422,-0.0013984139869371254,-0.004648063129748694,0.7833683585258429,0.6215387798102299
map,816,983169627,81720.16403251328,50070.85808016394,41.08500599561422,-0.0013961399941105107,-0.004648746675592864,0.7836723206266123,0.6211554828150221
map,817,133916,81720.14548757802,50070.93704750831,41.08500599561422,-0.001394254845366925,-0.004649312418321816,0.7839241303629874,0.620837658153963
map,817,33467255,81720.1095132931,50071.08991092893,41.08500599561422,-0.0013910291466186883,-0.004650278534695303,0.7843546348676464,0.6202936777923053
map,817,53574310,81720.09057339895,50071.168926431215,41.0889344290811,-0.0012791813240407932,-0.00473796133254431,0.7842358705963786,0.620443401679389
map,817,70163775,81720.07171486829,50071.2474553186,41.0889344290811,-0.0012780938778007489,-0.0047382547934854725,0.7843782483052605,0.6202633948598955
map,817,83467263,81720.0526622154,50071.32667549127,41.0889344290811,-0.0012769917915853165,-0.004738551932044592,0.7845224916602641,0.6200809426975822
map,817,115911586,81720.01715899067,50071.475157695124,41.0889344290811,-0.0012750321319708435,-0.004739079605883583,0.7847788488823468,0.6197564632696057
map,817,126027366,81720.00341524617,50071.531532406996,41.0889344290811,-0.0012745209517759325,-0.00473921710749191,0.7848456932960521,0.6196718108258521
map,817,149647055,81719.97653450342,50071.64325732665,41.087734507201866,-0.001147755985999654,-0.00501864976201756,0.7849231036600147,0.6195718014495918
map,817,166122059,81719.95727826112,50071.72294291872,41.087734507201866,-0.0011467311437848167,-0.0050188840314427385,0.7850496050918149,0.6194115056696543
map,817,182985453,81719.9375646965,50071.804426520626,41.087734507201866,-0.0011456982756381882,-0.00501911991273337,0.7851770581148123,0.61924993598783
map,817,207351490,81719.91735660925,50071.887860737465,41.087734507201866,-0.001144796458976874,-0.00501932568227157,0.785288307667984,0.619108851213352
map,817,233467288,81719.87920839903,50072.04561356466,41.08620382730387,-0.0011124322149885608,-0.005339399225464191,0.7854837571140623,0.6188582395189185
map,817,253314262,81719.85903622578,50072.129147166175,41.08620382730387,-0.0011113462723573958,-0.005339625359961996,0.7856096034013563,0.6186984761206722
map,817,266800627,81719.8389545937,50072.212159499824,41.08620382730387,-0.0011102123318055609,-0.0053398612435286005,0.7857409716442996,0.6185316311959721
map,817,283160869,81719.81927122815,50072.29337512708,41.08620382730387,-0.0011091046380181675,-0.005340091424662928,0.7858692593601415,0.6183686283304003
map,817,300133965,81719.7984194986,50072.37927837527,41.08620382730387,-0.0011079210305621962,-0.005340337115938464,0.7860062955523963,0.6181944327333248
map,817,343840197,81719.75803413519,50072.54604027308,41.08629214769422,-0.0010804989628202645,-0.005566058815145183,0.7861141631628557,0.6180553162832765
map,817,343840197,81719.74452873477,50072.60189083581,41.08629214769422,-0.0010805619132989623,-0.005566046594652145,0.786107173082107,0.6180642069721527
map,817,365976664,81719.71726626769,50072.714305994195,41.08629214769422,-0.0010796936646291578,-0.005566215081441852,0.786203574011983,0.6179415763015482
map,817,383195751,81719.69579281626,50072.802750411654,41.08629214769422,-0.0010790475329723044,-0.005566340374419933,0.7862752991663842,0.6178503098907299
map,817,400133982,81719.67421047117,50072.89066440373,41.08359405001863,-0.001153090721187136,-0.005830790612736357,0.7863469378722248,0.6177565584933878
map,817,446013908,81719.63216861642,50073.06233328766,41.08359405001863,-0.0011518677011970067,-0.005831032342544622,0.786476493561007,0.6175916104826898
map,817,446013908,81719.6154578663,50073.129990251495,41.08359405001863,-0.0011513663018559973,-0.005831131367051571,0.786529595726192,0.6175239811613895
map,817,471518649,81719.58914019438,50073.23695527104,41.08359405001863,-0.0011515479698985375,-0.005831095493463029,0.7865103564162357,0.6175484851512675
map,817,482520094,81719.56890132058,50073.319042066265,41.08359405001863,-0.0011514390699307142,-0.005831116998405999,0.7865218894268728,0.6175337964152255
map,817,500133998,81719.5463235401,50073.41145036012,41.08359405001863,-0.0011510615742471903,-0.00583119152773718,0.7865618655141485,0.6174828774804382
map,817,527845712,81719.51134611905,50073.556082502626,41.08429667257283,-0.0013464836116580214,-0.005978395700978243,0.7865846554079504,0.6174520431932201
map,817,541298801,81719.4942458777,50073.627531281665,41.08429667257283,-0.0013466024331673428,-0.0059783689381742375,0.7865723832733533,0.6174676765940084
map,817,564948349,81719.46484213253,50073.74924923701,41.08429667257283,-0.0013467263717751908,-0.005978341020174744,0.7865595822444758,0.6174839830684856
map,817,583467345,81719.44150823876,50073.84612599866,41.08429667257283,-0.0013468863865237894,-0.005978304971790554,0.7865430544943439,0.6175050357636233
map,817,600134015,81719.42021571787,50073.934639749255,41.08429667257283,-0.0013470182498853535,-0.005978275262014502,0.7865294339720821,0.6175223844220404
map,817,620372117,81719.39425401519,50074.040902430286,41.08429667257283,-0.001346963330524724,-0.0059782876361179306,0.7865351067956865,0.6175151589593766
map,817,649447116,81719.35777444889,50074.19176932984,41.08610057439521,-0.001757674953993529,-0.006148929797950109,0.7865331602926238,0.6175149301848447
map,817,666800692,81719.33558648403,50074.28414205841,41.08610057439521,-0.0017577986333695316,-0.006148894442787186,0.7865207394223853,0.617530750408075
map,817,690549457,81719.3142813629,50074.37286884539,41.08610057439521,-0.001757925015714264,-0.006148858312169905,0.7865080466959544,0.617546916212534
map,817,700134031,81719.29297982539,50074.4615513308,41.08610057439521,-0.0017580487327412474,-0.006148822940801093,0.7864956212564234,0.6175627409304811
map,817,729854751,81719.25596425631,50074.614520389856,41.08610057439521,-0.0017582123039027754,-0.006148776170785518,0.7864791924941793,0.6175836631702619
map,817,743018720,81719.23837991522,50074.686730409914,41.09212239252763,-0.002093494882852494,-0.005989686827195382,0.7864758839680221,0.6175883943757408
map,817,766287055,81719.20826316475,50074.81021383817,41.09212239252763,-0.0020933712331634756,-0.005989730043380176,0.786488633104303,0.617572158479163
map,817,782836122,81719.18648413115,50074.899550741095,41.09212239252763,-0.0020932672086831972,-0.00598976639823784,0.7864993584152861,0.6175584993692748
map,817,800134047,81719.163866536,50074.993157582016,41.0941472323051,-0.002288812454888066,-0.005959598435526941,0.7864879091549575,0.6175726785384026
map,817,833467386,81719.12133219163,50075.168194436075,41.0941472323051,-0.0022889085617581115,-0.005959561524331829,0.7864779497976151,0.6175853617162357
map,817,850134056,81719.09880432417,50075.261282557214,41.0941472323051,-0.0022891807336873024,-0.00595945698322429,0.7864497437356543,0.6176212796707682
map,817,866800725,81719.07645718203,50075.35362142029,41.0941472323051,-0.0022893380097244002,-0.00595939656707095,0.7864334437351512,0.617642034757111
map,817,883936861,81719.05393752162,50075.44666602491,41.0941472323051,-0.0022895206423762483,-0.005959326404428519,0.786414514894572,0.6176661357781956
map,817,900134064,81719.03141176538,50075.53901671815,41.0941472323051,-0.002289663267924286,-0.005959271606992265,0.7863997318952236,0.6176849570769504
map,817,933467403,81718.9862241416,50075.724317479435,41.0941472323051,-0.002290069587170117,-0.005959115475664521,0.786357614085621,0.6177385752028145
map,817,950134072,81718.96344750629,50075.817771712354,41.0941472323051,-0.0022901493301317635,-0.005959084830079443,0.7863493476155494,0.6177490979585755
map,817,974854700,81718.94078884543,50075.910751891315,41.0941472323051,-0.0022901853404211046,-0.00595907099075906,0.7863456145867739,0.6177538498011831
map,817,998569092,81718.91777921797,50076.00587313648,41.09306736166255,-0.00229855373848447,-0.0061892459313463,0.7863246023623293,0.6177783013389492
map,818,134080,81718.89498941888,50076.10085490929,41.09388661378318,-0.002308901522955288,-0.0063612611839266656,0.786290105125847,0.6178204220573253
map,818,31834080,81718.85286125376,50076.2751175948,41.09388661378318,-0.0023094733317562347,-0.006361053609485152,0.7862345656477681,0.6178910997178813
map,818,54014705,81718.82679640902,50076.38352388869,41.09388661378318,-0.002310166106622399,-0.006360802044762156,0.786167265861434,0.6179767256279676
map,818,64498274,81718.80489107674,50076.47483876976,41.09388661378318,-0.0023106005308246103,-0.006360644250371998,0.7861250574988985,0.61803041778076
map,818,80484444,81718.7825013432,50076.56761448914,41.09388661378318,-0.002311051016154435,-0.006360480586682808,0.7860812836690406,0.6180860933520026
map,818,115671030,81718.754877154,50076.6813987847,41.09388661378318,-0.002311586154996087,-0.006360286120990763,0.7860292774370983,0.6181522291002601
map,818,125655181,81718.71895934512,50076.82944373659,41.09388661378318,-0.0023120242307193015,-0.006360126889410632,0.7859866987341987,0.6182063674395657
map,818,156764267,81718.68453064583,50076.97136799377,41.0973146407328,-0.0024809052099189184,-0.006509821584210131,0.786002871712533,0.6181835916553694
map,818,166800774,81718.6607300677,50077.06954380552,41.0973146407328,-0.0024809567759204367,-0.006509801932076382,0.7859979748863668,0.618189817779953
map,818,185466677,81718.63693728577,50077.16769371745,41.0973146407328,-0.002481082205676986,-0.006509754128039241,0.7859860635204543,0.6182049621961164
map,818,200134113,81718.61313245552,50077.26505029995,41.10300523797266,-0.00273638001127583,-0.006462924413227318,0.7859734388474664,0.6182204269180618
map,818,222009776,81718.58264988688,50077.389943035894,41.10300523797266,-0.0027367398536468322,-0.006462772045388936,0.7859390159785001,0.618264187864063
map,818,240440300,81718.55652862733,50077.49695907277,41.10300523797266,-0.002737223487194793,-0.006462567223507139,0.7858927460092966,0.6183230018383836
map,818,266800791,81718.5194264393,50077.649377118796,41.10300523797266,-0.002737378705268515,-0.006462501478618171,0.7858778948123853,0.6183418773443344
map,818,283467460,81718.49518167907,50077.748792962564,41.10300523797266,-0.002737517093346705,-0.006462442858612693,0.7858646533923397,0.6183587060768211
map,818,300134129,81718.47136858181,50077.84717642595,41.10300523797266,-0.0027377749113351984,-0.0064623336397978655,0.7858399832497955,0.6183900577777943
map,818,323965268,81718.43725564425,50077.98816276233,41.10300523797266,-0.002738164139210497,-0.006462168729145133,0.7858027355705182,0.6184373885870365
map,818,342765981,81718.41018076951,50078.09898901193,41.10538407744351,-0.0030154994417842286,-0.006400995656297807,0.7857759235351303,0.618470801259233
map,818,366483220,81718.3758066141,50078.24011073831,41.10538407744351,-0.0030167879931675273,-0.006400388463181327,0.7856514005448568,0.6186289767216127
map,818,382971502,81718.35148269779,50078.33989027523,41.10538407744351,-0.003017738154601451,-0.006399940523599186,0.7855595509049106,0.6187456068529292
map,818,400134146,81718.32619915633,50078.44375208596,41.10538407744351,-0.0030178795493671926,-0.00639987385038609,0.785545880610239,0.6187629622674654
map,818,433467485,81718.27857678809,50078.6403177607,41.10538407744351,-0.0030191167747525313,-0.006399290286879654,0.7854262410498629,0.6189148195737498
map,818,450134154,81718.25370949031,50078.74343097616,41.1073970557291,-0.0032182536109413287,-0.006468534945177959,0.7853315126885294,0.6190332915746171
map,818,466800823,81718.22898521113,50078.846088655664,41.1073970557291,-0.0032192590545582164,-0.006468034615010209,0.785235279381231,0.6191553576562498
